<?xml version = '1.0' encoding = 'UTF-8'?>
<relationalModel class="oracle.dbtools.crest.model.design.relational.RelationalDesign" name="Relational_1" id="161C6AA5-27D9-919F-4877-76E4F6385CBE" mainViewID="6D7A27FE-1674-4FA0-0E4B-61E175722A54">
<createdBy>leonardoray</createdBy>
<createdTime>2016-03-28 00:28:07 UTC</createdTime>
<ownerDesignName>a1-rklay1-26445549</ownerDesignName>
<shouldBeOpen>true</shouldBeOpen>
<selectedRDBMSSite>32076570-2523-435C-2E92-BF29817DFF70</selectedRDBMSSite>
</relationalModel>