<?xml version = '1.0' encoding = 'UTF-8'?>
<Table class="oracle.dbtools.crest.model.design.relational.Table" directorySegmentName="seg_0" id="05421435-7143-7414-8E0D-C3BAC0AA0FCF" name="entree">
<createdBy>leonardoray</createdBy>
<createdTime>2016-04-11 10:04:09 UTC</createdTime>
<generatorID>395AF89C-A1AA-DEF9-9D5C-19DAC8296EED</generatorID>
<ownerDesignName>a1-rklay1-26445549</ownerDesignName>
<allowColumnReorder>false</allowColumnReorder>
<existDependencyGenerateInDDl>true</existDependencyGenerateInDDl>
<parsed>true</parsed>
<columns itemClass="oracle.dbtools.crest.model.design.relational.Column">
<Column name="food_item_num" id="4683990B-1CCC-B775-3699-114A918D3924">
<createdBy>leonardoray</createdBy>
<createdTime>2016-04-11 10:04:09 UTC</createdTime>
<commentInRDBMS>Unique number for each food item (ex: 1. omelette, etc)</commentInRDBMS>
<generatorID>660204DC-B502-A2F3-6CF9-1BBC9775D56F</generatorID>
<ownerDesignName>a1-rklay1-26445549</ownerDesignName>
<useDomainConstraints>false</useDomainConstraints>
<use>1</use>
<logicalDatatype>LOGDT019</logicalDatatype>
<dataTypePrecision>5</dataTypePrecision>
<ownDataTypeParameters>,5,</ownDataTypeParameters>
<autoIncrementCycle>false</autoIncrementCycle>
<associations>
<colAssociation fkAssociation="FE62487F-457E-6B6E-392B-D4ED6DA0D0BA" referredColumn="012F42C7-DE86-5142-063E-F176C7A00329"/>
</associations>
</Column>
<Column name="entree_type" id="92CCF8CE-E02A-017B-32B8-FEB83938439F">
<createdBy>leonardoray</createdBy>
<createdTime>2016-04-11 10:04:09 UTC</createdTime>
<commentInRDBMS>Determine whether the entree is cold or hot (&quot;C&quot; = Cold, &quot;H&quot; = Hot)</commentInRDBMS>
<generatorID>B334A53B-A26E-5A50-1DDE-5D3D41A7E036</generatorID>
<ownerDesignName>a1-rklay1-26445549</ownerDesignName>
<constraintName>chk_entree_type</constraintName>
<useDomainConstraints>false</useDomainConstraints>
<use>1</use>
<logicalDatatype>LOGDT025</logicalDatatype>
<dataTypeSize>1</dataTypeSize>
<listOfValues>
<valueDef value="C" description="Cold"/>
<valueDef value="H" description="Hot"/>
</listOfValues>
<ownDataTypeParameters>1,,</ownDataTypeParameters>
<autoIncrementCycle>false</autoIncrementCycle>
</Column>
</columns>
<indexes itemClass="oracle.dbtools.crest.model.design.relational.Index">
<ind_PK_UK id="909221AC-5062-3AF9-CA7D-35EECC3A6DEC" name="entree_PK">
<createdBy>leonardoray</createdBy>
<createdTime>2016-04-11 10:04:09 UTC</createdTime>
<generatorID>B3C40464-9330-475D-AFB9-D088ABA1990D</generatorID>
<ownerDesignName>a1-rklay1-26445549</ownerDesignName>
<pk>true</pk>
<indexState>Primary Constraint</indexState>
<isSurrogateKey>false</isSurrogateKey>
<indexColumnUsage>
<colUsage columnID="4683990B-1CCC-B775-3699-114A918D3924"/>
</indexColumnUsage>
</ind_PK_UK>
<ind_PK_UK id="5301ADD9-BE76-7455-235D-3D8BC85428AA" name="entree_food_item_FK">
<createdBy>leonardoray</createdBy>
<createdTime>2016-04-11 10:04:09 UTC</createdTime>
<generatorID>BDF3D4E5-C828-B72F-8D67-185185646222</generatorID>
<ownerDesignName>a1-rklay1-26445549</ownerDesignName>
<indexState>Foreign Key</indexState>
<isSurrogateKey>false</isSurrogateKey>
<indexColumnUsage>
<colUsage columnID="4683990B-1CCC-B775-3699-114A918D3924"/>
</indexColumnUsage>
</ind_PK_UK>
</indexes>
</Table>