<?xml version = '1.0' encoding = 'UTF-8'?>
<Table class="oracle.dbtools.crest.model.design.relational.Table" directorySegmentName="seg_0" id="2653A665-B54B-E7E5-E336-6D6D1422C92B" name="dessert">
<createdBy>leonardoray</createdBy>
<createdTime>2016-04-11 10:04:09 UTC</createdTime>
<generatorID>0A64D63F-B783-3C7E-CFB4-E3562390C507</generatorID>
<ownerDesignName>a1-rklay1-26445549</ownerDesignName>
<allowColumnReorder>false</allowColumnReorder>
<existDependencyGenerateInDDl>true</existDependencyGenerateInDDl>
<parsed>true</parsed>
<columns itemClass="oracle.dbtools.crest.model.design.relational.Column">
<Column name="food_item_num" id="EECDDBD4-21F9-C492-D275-13CADD624BF1">
<createdBy>leonardoray</createdBy>
<createdTime>2016-04-11 10:04:09 UTC</createdTime>
<commentInRDBMS>Unique number for each food item (ex: 1. omelette, etc)</commentInRDBMS>
<generatorID>660204DC-B502-A2F3-6CF9-1BBC9775D56F</generatorID>
<ownerDesignName>a1-rklay1-26445549</ownerDesignName>
<useDomainConstraints>false</useDomainConstraints>
<use>1</use>
<logicalDatatype>LOGDT019</logicalDatatype>
<dataTypePrecision>5</dataTypePrecision>
<ownDataTypeParameters>,5,</ownDataTypeParameters>
<autoIncrementCycle>false</autoIncrementCycle>
<associations>
<colAssociation fkAssociation="B074A160-B5D0-8E89-4DFE-528D4FFAFFB4" referredColumn="012F42C7-DE86-5142-063E-F176C7A00329"/>
</associations>
</Column>
<Column name="dessert_is_lactose_free" id="99FC1636-C0A5-953D-01CA-BEFD0669A3C1">
<createdBy>leonardoray</createdBy>
<createdTime>2016-04-11 10:04:09 UTC</createdTime>
<commentInRDBMS>Determine whether the dessert is lactose free (&quot;Y&quot; = Yes, &quot;N&quot; = No)</commentInRDBMS>
<generatorID>15280E29-5668-F47E-EBAD-23FE4F03EE88</generatorID>
<ownerDesignName>a1-rklay1-26445549</ownerDesignName>
<constraintName>chk_dessert_is_lactose_free</constraintName>
<useDomainConstraints>false</useDomainConstraints>
<use>1</use>
<logicalDatatype>LOGDT025</logicalDatatype>
<dataTypeSize>1</dataTypeSize>
<listOfValues>
<valueDef value="N" description="No"/>
<valueDef value="Y" description="Yes"/>
</listOfValues>
<ownDataTypeParameters>1,,</ownDataTypeParameters>
<autoIncrementCycle>false</autoIncrementCycle>
</Column>
</columns>
<indexes itemClass="oracle.dbtools.crest.model.design.relational.Index">
<ind_PK_UK id="7A91B762-FE30-A138-3C62-CE8414A7596A" name="dessert_PK">
<createdBy>leonardoray</createdBy>
<createdTime>2016-04-11 10:04:09 UTC</createdTime>
<generatorID>B3C40464-9330-475D-AFB9-D088ABA1990D</generatorID>
<ownerDesignName>a1-rklay1-26445549</ownerDesignName>
<pk>true</pk>
<indexState>Primary Constraint</indexState>
<isSurrogateKey>false</isSurrogateKey>
<indexColumnUsage>
<colUsage columnID="EECDDBD4-21F9-C492-D275-13CADD624BF1"/>
</indexColumnUsage>
</ind_PK_UK>
<ind_PK_UK id="0D917CFC-1646-6D9B-FE2D-D747A8B270B4" name="dessert_food_item_FK">
<createdBy>leonardoray</createdBy>
<createdTime>2016-04-11 10:04:09 UTC</createdTime>
<generatorID>5A6412AC-C796-D10B-FF98-06C98FA10CCF</generatorID>
<ownerDesignName>a1-rklay1-26445549</ownerDesignName>
<indexState>Foreign Key</indexState>
<isSurrogateKey>false</isSurrogateKey>
<indexColumnUsage>
<colUsage columnID="EECDDBD4-21F9-C492-D275-13CADD624BF1"/>
</indexColumnUsage>
</ind_PK_UK>
</indexes>
</Table>