<?xml version = '1.0' encoding = 'UTF-8'?>
<Table class="oracle.dbtools.crest.model.design.relational.Table" directorySegmentName="seg_0" id="5672A89E-066C-9DE0-D429-B19D478F2C28" name="diner">
<createdBy>leonardoray</createdBy>
<createdTime>2016-04-11 10:04:08 UTC</createdTime>
<generatorID>98A5A7AF-4361-DB10-5302-06570AAE72D7</generatorID>
<ownerDesignName>a1-rklay1-26445549</ownerDesignName>
<allowColumnReorder>false</allowColumnReorder>
<existDependencyGenerateInDDl>true</existDependencyGenerateInDDl>
<parsed>true</parsed>
<columns itemClass="oracle.dbtools.crest.model.design.relational.Column">
<Column name="diner_num" id="82FD697C-C2EC-4552-3EC4-46F76F5509DE">
<createdBy>leonardoray</createdBy>
<createdTime>2016-04-11 10:04:09 UTC</createdTime>
<commentInRDBMS>Unique number for each diner (in this case each diner number could be a representative for another diner)</commentInRDBMS>
<generatorID>AFE8B2B7-53AB-3B41-F0B4-2DCC95E80E1C</generatorID>
<ownerDesignName>a1-rklay1-26445549</ownerDesignName>
<useDomainConstraints>false</useDomainConstraints>
<use>1</use>
<logicalDatatype>LOGDT019</logicalDatatype>
<dataTypePrecision>5</dataTypePrecision>
<ownDataTypeParameters>,5,</ownDataTypeParameters>
<autoIncrementColumn>true</autoIncrementColumn>
<autoIncrementCycle>false</autoIncrementCycle>
<autoIncrementGenerateTrigger>false</autoIncrementGenerateTrigger>
</Column>
</columns>
<indexes itemClass="oracle.dbtools.crest.model.design.relational.Index">
<ind_PK_UK id="16B1A40A-9EED-E35F-7156-1ACFD9F27F7B" name="diner_PK">
<createdBy>leonardoray</createdBy>
<createdTime>2016-04-11 10:04:09 UTC</createdTime>
<generatorID>91617A4D-D572-6D61-8D2B-A933D4919188</generatorID>
<ownerDesignName>a1-rklay1-26445549</ownerDesignName>
<pk>true</pk>
<indexState>Primary Constraint</indexState>
<isSurrogateKey>false</isSurrogateKey>
<indexColumnUsage>
<colUsage columnID="82FD697C-C2EC-4552-3EC4-46F76F5509DE"/>
</indexColumnUsage>
</ind_PK_UK>
</indexes>
</Table>