<?xml version = '1.0' encoding = 'UTF-8'?>
<Table class="oracle.dbtools.crest.model.design.relational.Table" directorySegmentName="seg_0" id="6DEFD34F-3F90-4E54-698D-A7337DBB377B" name="main">
<createdBy>leonardoray</createdBy>
<createdTime>2016-04-11 10:04:09 UTC</createdTime>
<generatorID>2027661B-9A21-3A05-48E6-9D6A077D7816</generatorID>
<ownerDesignName>a1-rklay1-26445549</ownerDesignName>
<allowColumnReorder>false</allowColumnReorder>
<existDependencyGenerateInDDl>true</existDependencyGenerateInDDl>
<parsed>true</parsed>
<columns itemClass="oracle.dbtools.crest.model.design.relational.Column">
<Column name="food_item_num" id="BD8E1697-22A3-0D39-2AA8-2EDB9988CEB5">
<createdBy>leonardoray</createdBy>
<createdTime>2016-04-11 10:04:09 UTC</createdTime>
<commentInRDBMS>Unique number for each food item (ex: 1. omelette, etc)</commentInRDBMS>
<generatorID>660204DC-B502-A2F3-6CF9-1BBC9775D56F</generatorID>
<ownerDesignName>a1-rklay1-26445549</ownerDesignName>
<useDomainConstraints>false</useDomainConstraints>
<use>1</use>
<logicalDatatype>LOGDT019</logicalDatatype>
<dataTypePrecision>5</dataTypePrecision>
<ownDataTypeParameters>,5,</ownDataTypeParameters>
<autoIncrementCycle>false</autoIncrementCycle>
<associations>
<colAssociation fkAssociation="F30AAFC1-7C69-B30F-2865-D20BD8F0169F" referredColumn="012F42C7-DE86-5142-063E-F176C7A00329"/>
</associations>
</Column>
<Column name="main_is_vegetarian" id="EF2A8D79-F292-581D-D276-9CE442665363">
<createdBy>leonardoray</createdBy>
<createdTime>2016-04-11 10:04:09 UTC</createdTime>
<commentInRDBMS>Determine whether the main is vegetarian (&quot;Y&quot; = Yes, &quot;N&quot; = No)</commentInRDBMS>
<generatorID>672090B9-9AA9-3AF6-A0F4-FC6C14499382</generatorID>
<ownerDesignName>a1-rklay1-26445549</ownerDesignName>
<constraintName>chk_main_is_vegetarian</constraintName>
<useDomainConstraints>false</useDomainConstraints>
<use>1</use>
<logicalDatatype>LOGDT025</logicalDatatype>
<dataTypeSize>1</dataTypeSize>
<listOfValues>
<valueDef value="N" description="No"/>
<valueDef value="Y" description="Yes"/>
</listOfValues>
<ownDataTypeParameters>1,,</ownDataTypeParameters>
<autoIncrementCycle>false</autoIncrementCycle>
</Column>
<Column name="main_is_gluten_free" id="34DB06B5-0C96-18E2-34D8-DCF4F7AB42C5">
<createdBy>leonardoray</createdBy>
<createdTime>2016-04-11 10:04:09 UTC</createdTime>
<commentInRDBMS>Determine whether the main is gluten free (&quot;Y&quot; = Yes, &quot;N&quot; = No)</commentInRDBMS>
<generatorID>EC76FA1D-D940-C75E-5BF1-F5E7C5CF6AEB</generatorID>
<ownerDesignName>a1-rklay1-26445549</ownerDesignName>
<constraintName>chk_main_is_gluten_free</constraintName>
<useDomainConstraints>false</useDomainConstraints>
<use>1</use>
<logicalDatatype>LOGDT025</logicalDatatype>
<dataTypeSize>1</dataTypeSize>
<listOfValues>
<valueDef value="N" description="No"/>
<valueDef value="Y" description="Yes"/>
</listOfValues>
<ownDataTypeParameters>1,,</ownDataTypeParameters>
<autoIncrementCycle>false</autoIncrementCycle>
</Column>
<Column name="main_available_in_small" id="68C4DEEC-0990-67A5-F1DB-B0D2B7CBA835">
<createdBy>leonardoray</createdBy>
<createdTime>2016-04-11 10:04:09 UTC</createdTime>
<commentInRDBMS>Determine whether the main is available in small serve size (&quot;Y&quot; = Yes, &quot;N&quot; = No)</commentInRDBMS>
<generatorID>226EC5E3-F384-EE27-7C08-43EA7D160214</generatorID>
<ownerDesignName>a1-rklay1-26445549</ownerDesignName>
<constraintName>chk_main_available_in_small</constraintName>
<nullsAllowed>true</nullsAllowed>
<useDomainConstraints>false</useDomainConstraints>
<use>1</use>
<logicalDatatype>LOGDT025</logicalDatatype>
<dataTypeSize>1</dataTypeSize>
<listOfValues>
<valueDef value="N" description="No"/>
<valueDef value="Y" description="Yes"/>
</listOfValues>
<ownDataTypeParameters>1,,</ownDataTypeParameters>
<autoIncrementCycle>false</autoIncrementCycle>
</Column>
<Column name="main_available_in_large" id="79985343-06A2-87FF-0AED-BC3530EDA8C8">
<createdBy>leonardoray</createdBy>
<createdTime>2016-04-11 10:04:09 UTC</createdTime>
<commentInRDBMS>Determine whether the main is available in large serve size (&quot;Y&quot; = Yes, &quot;N&quot; = No)</commentInRDBMS>
<generatorID>1F411820-525D-EFB0-DEC0-783C0BE0F870</generatorID>
<ownerDesignName>a1-rklay1-26445549</ownerDesignName>
<constraintName>chk_main_available_in_large</constraintName>
<nullsAllowed>true</nullsAllowed>
<useDomainConstraints>false</useDomainConstraints>
<use>1</use>
<logicalDatatype>LOGDT025</logicalDatatype>
<dataTypeSize>1</dataTypeSize>
<listOfValues>
<valueDef value="N" description="No"/>
<valueDef value="Y" description="Yes"/>
</listOfValues>
<ownDataTypeParameters>1,,</ownDataTypeParameters>
<autoIncrementCycle>false</autoIncrementCycle>
</Column>
</columns>
<indexes itemClass="oracle.dbtools.crest.model.design.relational.Index">
<ind_PK_UK id="CFB12B11-CB1F-E529-ED03-C6EF2EB97A8B" name="main_PK">
<createdBy>leonardoray</createdBy>
<createdTime>2016-04-11 10:04:09 UTC</createdTime>
<generatorID>B3C40464-9330-475D-AFB9-D088ABA1990D</generatorID>
<ownerDesignName>a1-rklay1-26445549</ownerDesignName>
<pk>true</pk>
<indexState>Primary Constraint</indexState>
<isSurrogateKey>false</isSurrogateKey>
<indexColumnUsage>
<colUsage columnID="BD8E1697-22A3-0D39-2AA8-2EDB9988CEB5"/>
</indexColumnUsage>
</ind_PK_UK>
<ind_PK_UK id="18B9F05F-C3D1-A669-2C4F-30046C4D0507" name="main_food_item_FK">
<createdBy>leonardoray</createdBy>
<createdTime>2016-04-11 10:04:09 UTC</createdTime>
<generatorID>CDCB7B05-8891-11B0-BC1F-E9D0EF7D7D86</generatorID>
<ownerDesignName>a1-rklay1-26445549</ownerDesignName>
<indexState>Foreign Key</indexState>
<isSurrogateKey>false</isSurrogateKey>
<indexColumnUsage>
<colUsage columnID="BD8E1697-22A3-0D39-2AA8-2EDB9988CEB5"/>
</indexColumnUsage>
</ind_PK_UK>
</indexes>
</Table>