<?xml version = '1.0' encoding = 'UTF-8'?>
<Table class="oracle.dbtools.crest.model.design.relational.Table" directorySegmentName="seg_0" id="C8BAF2F4-1195-852B-3BB6-7D971B85602D" name="seat">
<createdBy>leonardoray</createdBy>
<createdTime>2016-04-11 10:04:09 UTC</createdTime>
<generatorID>383DDD23-9DFA-3FD0-2185-EB90225AF3E3</generatorID>
<ownerDesignName>a1-rklay1-26445549</ownerDesignName>
<allowColumnReorder>false</allowColumnReorder>
<existDependencyGenerateInDDl>true</existDependencyGenerateInDDl>
<parsed>true</parsed>
<columns itemClass="oracle.dbtools.crest.model.design.relational.Column">
<Column name="tables_num" id="DC55CBEB-5FDF-2987-A2A4-C01DE289CBE9">
<createdBy>leonardoray</createdBy>
<createdTime>2016-04-11 10:04:09 UTC</createdTime>
<commentInRDBMS>Unique number for each table</commentInRDBMS>
<generatorID>E2027BF3-706F-A9AC-5776-69D7DDB9722A</generatorID>
<ownerDesignName>a1-rklay1-26445549</ownerDesignName>
<useDomainConstraints>false</useDomainConstraints>
<use>1</use>
<logicalDatatype>LOGDT019</logicalDatatype>
<dataTypePrecision>5</dataTypePrecision>
<ownDataTypeParameters>,5,</ownDataTypeParameters>
<previousColumn>false</previousColumn>
<autoIncrementCycle>false</autoIncrementCycle>
<associations>
<colAssociation fkAssociation="79A1B88C-A0FF-0F05-8C26-F92C5E6F8AF0" referredColumn="389D2E33-1847-ECEC-4635-E0C969EC8CC5"/>
</associations>
</Column>
<Column name="diner_num" id="25EE5FDD-E4C5-9DFB-F133-2C7821E081B0">
<createdBy>leonardoray</createdBy>
<createdTime>2016-04-11 10:04:09 UTC</createdTime>
<commentInRDBMS>Unique number for each diner (in this case each diner number could be a representative for another diner)</commentInRDBMS>
<generatorID>07CAB73A-9F25-07D8-0E01-379E1E4FC57E</generatorID>
<ownerDesignName>a1-rklay1-26445549</ownerDesignName>
<useDomainConstraints>false</useDomainConstraints>
<use>1</use>
<logicalDatatype>LOGDT019</logicalDatatype>
<dataTypePrecision>5</dataTypePrecision>
<ownDataTypeParameters>,5,</ownDataTypeParameters>
<previousColumn>false</previousColumn>
<autoIncrementCycle>false</autoIncrementCycle>
<associations>
<colAssociation fkAssociation="10DD0BE5-5DAA-7998-C3D0-574AEB8AC32F" referredColumn="82FD697C-C2EC-4552-3EC4-46F76F5509DE"/>
</associations>
</Column>
<Column name="seat_num" id="809A5A08-9EBD-361E-2695-3266C0EB7EBD">
<createdBy>leonardoray</createdBy>
<createdTime>2016-04-11 10:04:09 UTC</createdTime>
<commentInRDBMS>Unique seat number for each diner sitting at a specific table number</commentInRDBMS>
<generatorID>3425FA4B-DC27-8D3E-DEE8-B69AC8CB04E0</generatorID>
<ownerDesignName>a1-rklay1-26445549</ownerDesignName>
<useDomainConstraints>false</useDomainConstraints>
<use>1</use>
<logicalDatatype>LOGDT019</logicalDatatype>
<dataTypePrecision>5</dataTypePrecision>
<ownDataTypeParameters>,5,</ownDataTypeParameters>
<autoIncrementCycle>false</autoIncrementCycle>
</Column>
</columns>
<indexes itemClass="oracle.dbtools.crest.model.design.relational.Index">
<ind_PK_UK id="3FCB1BF1-1A1E-7161-C581-478BD358C510" name="seat_PK">
<createdBy>leonardoray</createdBy>
<createdTime>2016-04-11 10:04:09 UTC</createdTime>
<generatorID>DA426AC0-E7C2-4D74-8CC2-79A8FE33987D</generatorID>
<ownerDesignName>a1-rklay1-26445549</ownerDesignName>
<pk>true</pk>
<indexState>Primary Constraint</indexState>
<isSurrogateKey>false</isSurrogateKey>
<indexColumnUsage>
<colUsage columnID="809A5A08-9EBD-361E-2695-3266C0EB7EBD"/>
<colUsage columnID="DC55CBEB-5FDF-2987-A2A4-C01DE289CBE9"/>
<colUsage columnID="25EE5FDD-E4C5-9DFB-F133-2C7821E081B0"/>
</indexColumnUsage>
</ind_PK_UK>
<ind_PK_UK id="7B4842E2-7B31-951C-BC13-3B2DD7CD00AE" name="seat_diner_FK">
<createdBy>leonardoray</createdBy>
<createdTime>2016-04-11 10:04:09 UTC</createdTime>
<generatorID>662080E2-28CE-7E3A-B7CF-CB98DEDD133D</generatorID>
<ownerDesignName>a1-rklay1-26445549</ownerDesignName>
<indexState>Foreign Key</indexState>
<isSurrogateKey>false</isSurrogateKey>
<indexColumnUsage>
<colUsage columnID="25EE5FDD-E4C5-9DFB-F133-2C7821E081B0"/>
</indexColumnUsage>
</ind_PK_UK>
<ind_PK_UK id="598D1110-C8A2-D664-A821-3A7C449C984A" name="seat_tables_FK">
<createdBy>leonardoray</createdBy>
<createdTime>2016-04-11 10:04:09 UTC</createdTime>
<generatorID>61CE7A3E-BE1A-27CE-3E0A-B1BA7DE3F1E9</generatorID>
<ownerDesignName>a1-rklay1-26445549</ownerDesignName>
<indexState>Foreign Key</indexState>
<isSurrogateKey>false</isSurrogateKey>
<indexColumnUsage>
<colUsage columnID="DC55CBEB-5FDF-2987-A2A4-C01DE289CBE9"/>
</indexColumnUsage>
</ind_PK_UK>
</indexes>
</Table>