<?xml version = '1.0' encoding = 'UTF-8'?>
<Table class="oracle.dbtools.crest.model.design.relational.Table" directorySegmentName="seg_0" id="CF7DEE78-3014-B330-D960-6853E3981610" name="beverage">
<createdBy>leonardoray</createdBy>
<createdTime>2016-04-11 10:04:09 UTC</createdTime>
<generatorID>0CF54482-3164-3C61-0294-E3530AB2CFC8</generatorID>
<ownerDesignName>a1-rklay1-26445549</ownerDesignName>
<allowColumnReorder>false</allowColumnReorder>
<existDependencyGenerateInDDl>true</existDependencyGenerateInDDl>
<parsed>true</parsed>
<columns itemClass="oracle.dbtools.crest.model.design.relational.Column">
<Column name="food_item_num" id="2F86F538-5037-A013-0FE0-1AC4A420BFF3">
<createdBy>leonardoray</createdBy>
<createdTime>2016-04-11 10:04:09 UTC</createdTime>
<commentInRDBMS>Unique number for each food item (ex: 1. omelette, etc)</commentInRDBMS>
<generatorID>660204DC-B502-A2F3-6CF9-1BBC9775D56F</generatorID>
<ownerDesignName>a1-rklay1-26445549</ownerDesignName>
<useDomainConstraints>false</useDomainConstraints>
<use>1</use>
<logicalDatatype>LOGDT019</logicalDatatype>
<dataTypePrecision>5</dataTypePrecision>
<ownDataTypeParameters>,5,</ownDataTypeParameters>
<autoIncrementCycle>false</autoIncrementCycle>
<associations>
<colAssociation fkAssociation="B154E726-384E-A78C-462D-F4993842F4E1" referredColumn="012F42C7-DE86-5142-063E-F176C7A00329"/>
</associations>
</Column>
<Column name="alcohol_level" id="17A88187-78FA-E47E-D28D-DEDB7CC7533B">
<createdBy>leonardoray</createdBy>
<createdTime>2016-04-11 10:04:09 UTC</createdTime>
<commentInRDBMS>The percentage amount of alcohol contained in the beverage</commentInRDBMS>
<generatorID>CBBD890B-63AF-EDC7-37A2-F1539BB98B1A</generatorID>
<ownerDesignName>a1-rklay1-26445549</ownerDesignName>
<useDomainConstraints>false</useDomainConstraints>
<use>1</use>
<logicalDatatype>LOGDT019</logicalDatatype>
<dataTypePrecision>5</dataTypePrecision>
<dataTypeScale>2</dataTypeScale>
<ownDataTypeParameters>,5,2</ownDataTypeParameters>
<autoIncrementCycle>false</autoIncrementCycle>
</Column>
</columns>
<indexes itemClass="oracle.dbtools.crest.model.design.relational.Index">
<ind_PK_UK id="BD5C1156-1017-EF36-9D32-5921B064D3D2" name="beverage_PK">
<createdBy>leonardoray</createdBy>
<createdTime>2016-04-11 10:04:09 UTC</createdTime>
<generatorID>B3C40464-9330-475D-AFB9-D088ABA1990D</generatorID>
<ownerDesignName>a1-rklay1-26445549</ownerDesignName>
<pk>true</pk>
<indexState>Primary Constraint</indexState>
<isSurrogateKey>false</isSurrogateKey>
<indexColumnUsage>
<colUsage columnID="2F86F538-5037-A013-0FE0-1AC4A420BFF3"/>
</indexColumnUsage>
</ind_PK_UK>
<ind_PK_UK id="DE0ED1B6-0651-39FA-436F-E08A9F081F36" name="beverage_food_item_FK">
<createdBy>leonardoray</createdBy>
<createdTime>2016-04-11 10:04:09 UTC</createdTime>
<generatorID>C742B860-0573-9ECD-E7E9-E303337CC965</generatorID>
<ownerDesignName>a1-rklay1-26445549</ownerDesignName>
<indexState>Foreign Key</indexState>
<isSurrogateKey>false</isSurrogateKey>
<indexColumnUsage>
<colUsage columnID="2F86F538-5037-A013-0FE0-1AC4A420BFF3"/>
</indexColumnUsage>
</ind_PK_UK>
</indexes>
</Table>