<?xml version = '1.0' encoding = 'UTF-8'?>
<Table class="oracle.dbtools.crest.model.design.relational.Table" directorySegmentName="seg_0" id="D5D0E8CD-37E3-01B6-2BF4-D6A0A8639546" name="large">
<createdBy>leonardoray</createdBy>
<createdTime>2016-04-11 10:04:09 UTC</createdTime>
<generatorID>2DF8238D-7AE2-936B-A6B8-F2070807ACC3</generatorID>
<ownerDesignName>a1-rklay1-26445549</ownerDesignName>
<allowColumnReorder>false</allowColumnReorder>
<existDependencyGenerateInDDl>true</existDependencyGenerateInDDl>
<parsed>true</parsed>
<columns itemClass="oracle.dbtools.crest.model.design.relational.Column">
<Column name="food_item_num" id="63D88D78-2F09-5DCD-599E-CA3017554715">
<createdBy>leonardoray</createdBy>
<createdTime>2016-04-11 10:04:09 UTC</createdTime>
<commentInRDBMS>Unique number for each food item (ex: 1. omelette, etc)</commentInRDBMS>
<generatorID>660204DC-B502-A2F3-6CF9-1BBC9775D56F</generatorID>
<ownerDesignName>a1-rklay1-26445549</ownerDesignName>
<useDomainConstraints>false</useDomainConstraints>
<use>1</use>
<logicalDatatype>LOGDT019</logicalDatatype>
<dataTypePrecision>5</dataTypePrecision>
<ownDataTypeParameters>,5,</ownDataTypeParameters>
<autoIncrementCycle>false</autoIncrementCycle>
<associations>
<colAssociation fkAssociation="C1A507A1-8B03-AFBE-4A04-5506E9E031AF" referredColumn="BD8E1697-22A3-0D39-2AA8-2EDB9988CEB5"/>
</associations>
</Column>
<Column name="main_large_serve_cost" id="9A08AA32-097B-8699-5E28-21D7D5C7B750">
<createdBy>leonardoray</createdBy>
<createdTime>2016-04-11 10:04:09 UTC</createdTime>
<commentInRDBMS>Price for the large serve of a particular main</commentInRDBMS>
<generatorID>47549234-DC0E-A742-6C76-06500E591731</generatorID>
<ownerDesignName>a1-rklay1-26445549</ownerDesignName>
<useDomainConstraints>false</useDomainConstraints>
<use>1</use>
<logicalDatatype>LOGDT019</logicalDatatype>
<dataTypePrecision>14</dataTypePrecision>
<dataTypeScale>2</dataTypeScale>
<ownDataTypeParameters>,14,2</ownDataTypeParameters>
<autoIncrementCycle>false</autoIncrementCycle>
</Column>
<Column name="main_large_energy_in_kj" id="7A68BF3E-0D5A-E855-26E5-5370A7DABC8A">
<createdBy>leonardoray</createdBy>
<createdTime>2016-04-11 10:04:09 UTC</createdTime>
<commentInRDBMS>The approximate amount of energy (Kj) contained in the large serve of a particular main</commentInRDBMS>
<generatorID>971F86D7-3494-C22D-838E-C37EBC4764C1</generatorID>
<ownerDesignName>a1-rklay1-26445549</ownerDesignName>
<useDomainConstraints>false</useDomainConstraints>
<use>1</use>
<logicalDatatype>LOGDT019</logicalDatatype>
<dataTypePrecision>8</dataTypePrecision>
<dataTypeScale>2</dataTypeScale>
<ownDataTypeParameters>,8,2</ownDataTypeParameters>
<autoIncrementCycle>false</autoIncrementCycle>
</Column>
</columns>
<indexes itemClass="oracle.dbtools.crest.model.design.relational.Index">
<ind_PK_UK id="4953B0BE-8B99-A0C8-C2B5-4DE28C220F34" name="large_PK">
<createdBy>leonardoray</createdBy>
<createdTime>2016-04-11 10:04:09 UTC</createdTime>
<generatorID>B3C40464-9330-475D-AFB9-D088ABA1990D</generatorID>
<ownerDesignName>a1-rklay1-26445549</ownerDesignName>
<pk>true</pk>
<indexState>Primary Constraint</indexState>
<isSurrogateKey>false</isSurrogateKey>
<indexColumnUsage>
<colUsage columnID="63D88D78-2F09-5DCD-599E-CA3017554715"/>
</indexColumnUsage>
</ind_PK_UK>
<ind_PK_UK id="A1E0E073-6BA3-382B-263B-7924B3200C18" name="large_main_FK">
<createdBy>leonardoray</createdBy>
<createdTime>2016-04-11 10:04:09 UTC</createdTime>
<generatorID>1A00F218-E09B-E7FC-D155-7AB44063BB9F</generatorID>
<ownerDesignName>a1-rklay1-26445549</ownerDesignName>
<indexState>Foreign Key</indexState>
<isSurrogateKey>false</isSurrogateKey>
<indexColumnUsage>
<colUsage columnID="63D88D78-2F09-5DCD-599E-CA3017554715"/>
</indexColumnUsage>
</ind_PK_UK>
</indexes>
</Table>