<?xml version = '1.0' encoding = 'UTF-8'?>
<Table class="oracle.dbtools.crest.model.design.relational.Table" directorySegmentName="seg_0" id="E0603627-4F6F-80FD-CAAB-6D0ADBEA5CE7" name="diner_food_item">
<createdBy>leonardoray</createdBy>
<createdTime>2016-04-11 10:04:09 UTC</createdTime>
<generatorID>B9E4E038-2B8A-2BA2-B094-F8B5B3BABDCD</generatorID>
<ownerDesignName>a1-rklay1-26445549</ownerDesignName>
<allowColumnReorder>false</allowColumnReorder>
<existDependencyGenerateInDDl>true</existDependencyGenerateInDDl>
<parsed>true</parsed>
<columns itemClass="oracle.dbtools.crest.model.design.relational.Column">
<Column name="diner_food_item_ID" id="82E6B550-56B3-F7CC-1B1A-50CC8003AA54">
<createdBy>leonardoray</createdBy>
<createdTime>2016-04-11 10:04:09 UTC</createdTime>
<commentInRDBMS>Unique number for each food item that is being ordered by a particular diner</commentInRDBMS>
<generatorID>B8F3A5EE-3390-6B3D-2B77-A70F581BD16A</generatorID>
<ownerDesignName>a1-rklay1-26445549</ownerDesignName>
<useDomainConstraints>false</useDomainConstraints>
<use>1</use>
<logicalDatatype>LOGDT019</logicalDatatype>
<dataTypePrecision>5</dataTypePrecision>
<ownDataTypeParameters>,5,</ownDataTypeParameters>
<autoIncrementColumn>true</autoIncrementColumn>
<autoIncrementCycle>false</autoIncrementCycle>
<autoIncrementGenerateTrigger>false</autoIncrementGenerateTrigger>
</Column>
<Column name="diner_num" id="504B9E55-1FDA-40E3-B218-1B549227716D">
<createdBy>leonardoray</createdBy>
<createdTime>2016-04-11 10:04:09 UTC</createdTime>
<commentInRDBMS>Unique number for each diner (in this case each diner number could be a representative for another diner)</commentInRDBMS>
<generatorID>6F531359-A8A0-04C7-1E01-435646F4919E</generatorID>
<ownerDesignName>a1-rklay1-26445549</ownerDesignName>
<useDomainConstraints>false</useDomainConstraints>
<use>1</use>
<logicalDatatype>LOGDT019</logicalDatatype>
<dataTypePrecision>5</dataTypePrecision>
<ownDataTypeParameters>,5,</ownDataTypeParameters>
<previousColumn>false</previousColumn>
<autoIncrementCycle>false</autoIncrementCycle>
<associations>
<colAssociation fkAssociation="617E0A1B-3D5E-FA63-C521-7D6445D7BA8F" referredColumn="82FD697C-C2EC-4552-3EC4-46F76F5509DE"/>
</associations>
</Column>
<Column name="food_item_num" id="835DB11D-A40F-532C-7971-95CDBD134B44">
<createdBy>leonardoray</createdBy>
<createdTime>2016-04-11 10:04:09 UTC</createdTime>
<commentInRDBMS>Unique number for each food item (ex: 1. omelette, etc)</commentInRDBMS>
<generatorID>E74B57EA-E83B-4496-3BF4-22F7E12E8864</generatorID>
<ownerDesignName>a1-rklay1-26445549</ownerDesignName>
<useDomainConstraints>false</useDomainConstraints>
<use>1</use>
<logicalDatatype>LOGDT019</logicalDatatype>
<dataTypePrecision>5</dataTypePrecision>
<ownDataTypeParameters>,5,</ownDataTypeParameters>
<previousColumn>false</previousColumn>
<autoIncrementCycle>false</autoIncrementCycle>
<associations>
<colAssociation fkAssociation="11B57676-1BA1-40B8-E84A-D26287F1D27A" referredColumn="012F42C7-DE86-5142-063E-F176C7A00329"/>
</associations>
</Column>
<Column name="diner_food_item_size" id="70C6EF19-86C3-B399-3201-8F8D1A06EAB3">
<createdBy>leonardoray</createdBy>
<createdTime>2016-04-11 10:04:09 UTC</createdTime>
<commentInRDBMS>Determine the serve size of the ordered food item (&quot;R&quot; = regular/standard, &quot;S&quot; = Small, &quot;L&quot; = Large)</commentInRDBMS>
<generatorID>B9F9592B-5A41-03FF-B4F7-800D601A028F</generatorID>
<ownerDesignName>a1-rklay1-26445549</ownerDesignName>
<constraintName>chk_diner_food_item_size</constraintName>
<useDomainConstraints>false</useDomainConstraints>
<use>1</use>
<logicalDatatype>LOGDT025</logicalDatatype>
<dataTypeSize>1</dataTypeSize>
<listOfValues>
<valueDef value="L" description="Large"/>
<valueDef value="R" description="Regular"/>
<valueDef value="S" description="Small"/>
</listOfValues>
<ownDataTypeParameters>1,,</ownDataTypeParameters>
<autoIncrementCycle>false</autoIncrementCycle>
</Column>
</columns>
<indexes itemClass="oracle.dbtools.crest.model.design.relational.Index">
<ind_PK_UK id="5F32F660-10B2-5C28-E35C-9958C673F7A6" name="diner_food_item_PK">
<createdBy>leonardoray</createdBy>
<createdTime>2016-04-11 10:04:09 UTC</createdTime>
<generatorID>8A504465-5008-057D-D64F-BB5DD97026B3</generatorID>
<ownerDesignName>a1-rklay1-26445549</ownerDesignName>
<pk>true</pk>
<indexState>Primary Constraint</indexState>
<isSurrogateKey>false</isSurrogateKey>
<indexColumnUsage>
<colUsage columnID="82E6B550-56B3-F7CC-1B1A-50CC8003AA54"/>
</indexColumnUsage>
</ind_PK_UK>
<ind_PK_UK id="5822D987-9E6C-1AB3-C755-710FBACB5A38" name="food_item_diner_FK">
<createdBy>leonardoray</createdBy>
<createdTime>2016-04-11 10:04:09 UTC</createdTime>
<generatorID>3AD49401-61F8-AA12-45B3-7313B20A0BC2</generatorID>
<ownerDesignName>a1-rklay1-26445549</ownerDesignName>
<indexState>Foreign Key</indexState>
<isSurrogateKey>false</isSurrogateKey>
<indexColumnUsage>
<colUsage columnID="504B9E55-1FDA-40E3-B218-1B549227716D"/>
</indexColumnUsage>
</ind_PK_UK>
<ind_PK_UK id="E1E2EB29-CEBE-B754-DFBC-209A7302C1E7" name="diner_food_item_FK">
<createdBy>leonardoray</createdBy>
<createdTime>2016-04-11 10:04:09 UTC</createdTime>
<generatorID>F3DA0B70-7396-1492-126D-C5922197AFB1</generatorID>
<ownerDesignName>a1-rklay1-26445549</ownerDesignName>
<indexState>Foreign Key</indexState>
<isSurrogateKey>false</isSurrogateKey>
<indexColumnUsage>
<colUsage columnID="835DB11D-A40F-532C-7971-95CDBD134B44"/>
</indexColumnUsage>
</ind_PK_UK>
</indexes>
</Table>