<?xml version = '1.0' encoding = 'UTF-8'?>
<Entity class="oracle.dbtools.crest.model.design.logical.Entity" directorySegmentName="seg_0" id="2027661B-9A21-3A05-48E6-9D6A077D7816" name="main">
<createdBy>leonardoray</createdBy>
<createdTime>2016-03-28 06:56:28 UTC</createdTime>
<ownerDesignName>a1-rklay1-26445549</ownerDesignName>
<engineerTo>
<item key="161C6AA5-27D9-919F-4877-76E4F6385CBE" value="true"/>
</engineerTo>
<adequatelyNormalized>NO</adequatelyNormalized>
<expectedVolumes>0</expectedVolumes>
<fwdEngineeringStrategyName>Single Table</fwdEngineeringStrategyName>
<growthPercent>0</growthPercent>
<growthType>Year</growthType>
<hierarchicalParent>3FEDD752-A78A-367E-638A-5CC48E5C6BD0</hierarchicalParent>
<maxVolumes>9999999</maxVolumes>
<minVolumes>0</minVolumes>
<normalForm>Third</normalForm>
<attributes itemClass="oracle.dbtools.crest.model.design.logical.Attribute">
<Attribute name="main_is_vegetarian" id="672090B9-9AA9-3AF6-A0F4-FC6C14499382">
<createdBy>leonardoray</createdBy>
<createdTime>2016-03-28 06:56:33 UTC</createdTime>
<commentInRDBMS>Determine whether the main is vegetarian (&quot;Y&quot; = Yes, &quot;N&quot; = No)</commentInRDBMS>
<ownerDesignName>a1-rklay1-26445549</ownerDesignName>
<engineerTo>
<item key="161C6AA5-27D9-919F-4877-76E4F6385CBE" value="true"/>
</engineerTo>
<constraintName>chk_main_is_vegetarian</constraintName>
<useDomainConstraints>false</useDomainConstraints>
<use>1</use>
<logicalDatatype>LOGDT025</logicalDatatype>
<dataTypeSize>1</dataTypeSize>
<listOfValues>
<valueDef value="N" description="No"/>
<valueDef value="Y" description="Yes"/>
</listOfValues>
<ownDataTypeParameters>1,,</ownDataTypeParameters>
</Attribute>
<Attribute name="main_is_gluten_free" id="EC76FA1D-D940-C75E-5BF1-F5E7C5CF6AEB">
<createdBy>leonardoray</createdBy>
<createdTime>2016-03-28 06:56:33 UTC</createdTime>
<commentInRDBMS>Determine whether the main is gluten free (&quot;Y&quot; = Yes, &quot;N&quot; = No)</commentInRDBMS>
<ownerDesignName>a1-rklay1-26445549</ownerDesignName>
<engineerTo>
<item key="161C6AA5-27D9-919F-4877-76E4F6385CBE" value="true"/>
</engineerTo>
<constraintName>chk_main_is_gluten_free</constraintName>
<useDomainConstraints>false</useDomainConstraints>
<use>1</use>
<logicalDatatype>LOGDT025</logicalDatatype>
<dataTypeSize>1</dataTypeSize>
<listOfValues>
<valueDef value="N" description="No"/>
<valueDef value="Y" description="Yes"/>
</listOfValues>
<ownDataTypeParameters>1,,</ownDataTypeParameters>
</Attribute>
<Attribute name="main_available_in_small" id="226EC5E3-F384-EE27-7C08-43EA7D160214">
<createdBy>leonardoray</createdBy>
<createdTime>2016-03-28 06:56:34 UTC</createdTime>
<commentInRDBMS>Determine whether the main is available in small serve size (&quot;Y&quot; = Yes, &quot;N&quot; = No)</commentInRDBMS>
<ownerDesignName>a1-rklay1-26445549</ownerDesignName>
<engineerTo>
<item key="161C6AA5-27D9-919F-4877-76E4F6385CBE" value="true"/>
</engineerTo>
<constraintName>chk_main_available_in_small</constraintName>
<nullsAllowed>true</nullsAllowed>
<useDomainConstraints>false</useDomainConstraints>
<use>1</use>
<logicalDatatype>LOGDT025</logicalDatatype>
<dataTypeSize>1</dataTypeSize>
<listOfValues>
<valueDef value="N" description="No"/>
<valueDef value="Y" description="Yes"/>
</listOfValues>
<ownDataTypeParameters>1,,</ownDataTypeParameters>
</Attribute>
<Attribute name="main_available_in_large" id="1F411820-525D-EFB0-DEC0-783C0BE0F870">
<createdBy>leonardoray</createdBy>
<createdTime>2016-03-28 06:56:34 UTC</createdTime>
<commentInRDBMS>Determine whether the main is available in large serve size (&quot;Y&quot; = Yes, &quot;N&quot; = No)</commentInRDBMS>
<ownerDesignName>a1-rklay1-26445549</ownerDesignName>
<engineerTo>
<item key="161C6AA5-27D9-919F-4877-76E4F6385CBE" value="true"/>
</engineerTo>
<constraintName>chk_main_available_in_large</constraintName>
<nullsAllowed>true</nullsAllowed>
<useDomainConstraints>false</useDomainConstraints>
<use>1</use>
<logicalDatatype>LOGDT025</logicalDatatype>
<dataTypeSize>1</dataTypeSize>
<listOfValues>
<valueDef value="N" description="No"/>
<valueDef value="Y" description="Yes"/>
</listOfValues>
<ownDataTypeParameters>1,,</ownDataTypeParameters>
</Attribute>
</attributes>
</Entity>