<?xml version = '1.0' encoding = 'UTF-8'?>
<Entity class="oracle.dbtools.crest.model.design.logical.Entity" directorySegmentName="seg_0" id="383DDD23-9DFA-3FD0-2185-EB90225AF3E3" name="seat">
<createdBy>leonardoray</createdBy>
<createdTime>2016-03-28 04:49:53 UTC</createdTime>
<ownerDesignName>a1-rklay1-26445549</ownerDesignName>
<engineerTo>
<item key="161C6AA5-27D9-919F-4877-76E4F6385CBE" value="true"/>
</engineerTo>
<adequatelyNormalized>NO</adequatelyNormalized>
<expectedVolumes>0</expectedVolumes>
<fwdEngineeringStrategyName>Single Table</fwdEngineeringStrategyName>
<growthPercent>0</growthPercent>
<growthType>Year</growthType>
<maxVolumes>9999999</maxVolumes>
<minVolumes>0</minVolumes>
<normalForm>Third</normalForm>
<attributes itemClass="oracle.dbtools.crest.model.design.logical.Attribute">
<Attribute name="tables_num" id="E2027BF3-706F-A9AC-5776-69D7DDB9722A">
<createdBy>leonardoray</createdBy>
<createdTime>2016-03-28 04:51:15 UTC</createdTime>
<commentInRDBMS>Unique number for each table</commentInRDBMS>
<generatorID>61CE7A3E-BE1A-27CE-3E0A-B1BA7DE3F1E9</generatorID>
<ownerDesignName>a1-rklay1-26445549</ownerDesignName>
<engineerTo>
<item key="161C6AA5-27D9-919F-4877-76E4F6385CBE" value="true"/>
</engineerTo>
<referedAttribute>8F51AABD-1BDF-D8BC-EC4F-1DE34606F894</referedAttribute>
<useDomainConstraints>false</useDomainConstraints>
<use>1</use>
<logicalDatatype>LOGDT019</logicalDatatype>
<dataTypePrecision>5</dataTypePrecision>
<ownDataTypeParameters>,5,</ownDataTypeParameters>
</Attribute>
<Attribute name="diner_num" id="07CAB73A-9F25-07D8-0E01-379E1E4FC57E">
<createdBy>leonardoray</createdBy>
<createdTime>2016-03-28 04:51:25 UTC</createdTime>
<commentInRDBMS>Unique number for each diner (in this case each diner number could be a representative for another diner)</commentInRDBMS>
<generatorID>662080E2-28CE-7E3A-B7CF-CB98DEDD133D</generatorID>
<ownerDesignName>a1-rklay1-26445549</ownerDesignName>
<engineerTo>
<item key="161C6AA5-27D9-919F-4877-76E4F6385CBE" value="true"/>
</engineerTo>
<referedAttribute>AFE8B2B7-53AB-3B41-F0B4-2DCC95E80E1C</referedAttribute>
<useDomainConstraints>false</useDomainConstraints>
<use>1</use>
<logicalDatatype>LOGDT019</logicalDatatype>
<dataTypePrecision>5</dataTypePrecision>
<ownDataTypeParameters>,5,</ownDataTypeParameters>
</Attribute>
<Attribute name="seat_num" id="3425FA4B-DC27-8D3E-DEE8-B69AC8CB04E0">
<createdBy>leonardoray</createdBy>
<createdTime>2016-03-28 04:49:58 UTC</createdTime>
<commentInRDBMS>Unique seat number for each diner sitting at a specific table number</commentInRDBMS>
<ownerDesignName>a1-rklay1-26445549</ownerDesignName>
<engineerTo>
<item key="161C6AA5-27D9-919F-4877-76E4F6385CBE" value="true"/>
</engineerTo>
<useDomainConstraints>false</useDomainConstraints>
<use>1</use>
<logicalDatatype>LOGDT019</logicalDatatype>
<dataTypePrecision>5</dataTypePrecision>
<ownDataTypeParameters>,5,</ownDataTypeParameters>
</Attribute>
</attributes>
<identifiers itemClass="oracle.dbtools.crest.model.design.logical.CandidateKey">
<identifier id="DA426AC0-E7C2-4D74-8CC2-79A8FE33987D" name="seat PK">
<createdBy>leonardoray</createdBy>
<createdTime>2016-03-28 04:50:11 UTC</createdTime>
<ownerDesignName>a1-rklay1-26445549</ownerDesignName>
<engineerTo>
<item key="161C6AA5-27D9-919F-4877-76E4F6385CBE" value="true"/>
</engineerTo>
<pk>true</pk>
<usedAttributes>
<attributeRef>3425FA4B-DC27-8D3E-DEE8-B69AC8CB04E0</attributeRef>
<attributeRef>E2027BF3-706F-A9AC-5776-69D7DDB9722A</attributeRef>
<attributeRef>07CAB73A-9F25-07D8-0E01-379E1E4FC57E</attributeRef>
</usedAttributes>
</identifier>
</identifiers>
</Entity>