<?xml version = '1.0' encoding = 'UTF-8'?>
<Entity class="oracle.dbtools.crest.model.design.logical.Entity" directorySegmentName="seg_0" id="395AF89C-A1AA-DEF9-9D5C-19DAC8296EED" name="entree">
<createdBy>leonardoray</createdBy>
<createdTime>2016-03-28 06:44:07 UTC</createdTime>
<ownerDesignName>a1-rklay1-26445549</ownerDesignName>
<engineerTo>
<item key="161C6AA5-27D9-919F-4877-76E4F6385CBE" value="true"/>
</engineerTo>
<adequatelyNormalized>NO</adequatelyNormalized>
<expectedVolumes>0</expectedVolumes>
<fwdEngineeringStrategyName>Single Table</fwdEngineeringStrategyName>
<growthPercent>0</growthPercent>
<growthType>Year</growthType>
<hierarchicalParent>3FEDD752-A78A-367E-638A-5CC48E5C6BD0</hierarchicalParent>
<maxVolumes>9999999</maxVolumes>
<minVolumes>0</minVolumes>
<normalForm>Third</normalForm>
<attributes itemClass="oracle.dbtools.crest.model.design.logical.Attribute">
<Attribute name="entree_type" id="B334A53B-A26E-5A50-1DDE-5D3D41A7E036">
<createdBy>leonardoray</createdBy>
<createdTime>2016-03-28 06:44:17 UTC</createdTime>
<commentInRDBMS>Determine whether the entree is cold or hot (&quot;C&quot; = Cold, &quot;H&quot; = Hot)</commentInRDBMS>
<ownerDesignName>a1-rklay1-26445549</ownerDesignName>
<engineerTo>
<item key="161C6AA5-27D9-919F-4877-76E4F6385CBE" value="true"/>
</engineerTo>
<constraintName>chk_entree_type</constraintName>
<useDomainConstraints>false</useDomainConstraints>
<use>1</use>
<logicalDatatype>LOGDT025</logicalDatatype>
<dataTypeSize>1</dataTypeSize>
<listOfValues>
<valueDef value="C" description="Cold"/>
<valueDef value="H" description="Hot"/>
</listOfValues>
<ownDataTypeParameters>1,,</ownDataTypeParameters>
</Attribute>
</attributes>
</Entity>