<?xml version = '1.0' encoding = 'UTF-8'?>
<Entity class="oracle.dbtools.crest.model.design.logical.Entity" directorySegmentName="seg_0" id="3FEDD752-A78A-367E-638A-5CC48E5C6BD0" name="food_item">
<createdBy>leonardoray</createdBy>
<createdTime>2016-03-28 05:25:39 UTC</createdTime>
<ownerDesignName>a1-rklay1-26445549</ownerDesignName>
<engineerTo>
<item key="161C6AA5-27D9-919F-4877-76E4F6385CBE" value="true"/>
</engineerTo>
<adequatelyNormalized>NO</adequatelyNormalized>
<expectedVolumes>0</expectedVolumes>
<fwdEngineeringStrategyName>Single Table</fwdEngineeringStrategyName>
<growthPercent>0</growthPercent>
<growthType>Year</growthType>
<maxVolumes>9999999</maxVolumes>
<minVolumes>0</minVolumes>
<normalForm>Third</normalForm>
<attributes itemClass="oracle.dbtools.crest.model.design.logical.Attribute">
<Attribute name="food_item_num" id="660204DC-B502-A2F3-6CF9-1BBC9775D56F">
<createdBy>leonardoray</createdBy>
<createdTime>2016-03-28 05:25:51 UTC</createdTime>
<commentInRDBMS>Unique number for each food item (ex: 1. omelette, etc)</commentInRDBMS>
<ownerDesignName>a1-rklay1-26445549</ownerDesignName>
<engineerTo>
<item key="161C6AA5-27D9-919F-4877-76E4F6385CBE" value="true"/>
</engineerTo>
<useDomainConstraints>false</useDomainConstraints>
<use>1</use>
<logicalDatatype>LOGDT019</logicalDatatype>
<dataTypePrecision>5</dataTypePrecision>
<ownDataTypeParameters>,5,</ownDataTypeParameters>
</Attribute>
<Attribute name="food_item_name" id="43A38CA8-01B0-320C-A6B2-FDD14F4D1D09">
<createdBy>leonardoray</createdBy>
<createdTime>2016-03-28 05:26:15 UTC</createdTime>
<commentInRDBMS>Name of the food item</commentInRDBMS>
<ownerDesignName>a1-rklay1-26445549</ownerDesignName>
<engineerTo>
<item key="161C6AA5-27D9-919F-4877-76E4F6385CBE" value="true"/>
</engineerTo>
<useDomainConstraints>false</useDomainConstraints>
<use>1</use>
<logicalDatatype>LOGDT024</logicalDatatype>
<dataTypeSize>50</dataTypeSize>
<ownDataTypeParameters>50,,</ownDataTypeParameters>
</Attribute>
<Attribute name="food_item_description" id="7C6E9C4D-E7E6-AD21-7119-B571005E3C7B">
<createdBy>leonardoray</createdBy>
<createdTime>2016-03-28 05:26:29 UTC</createdTime>
<commentInRDBMS>Description for the food item</commentInRDBMS>
<ownerDesignName>a1-rklay1-26445549</ownerDesignName>
<engineerTo>
<item key="161C6AA5-27D9-919F-4877-76E4F6385CBE" value="true"/>
</engineerTo>
<useDomainConstraints>false</useDomainConstraints>
<use>1</use>
<logicalDatatype>LOGDT024</logicalDatatype>
<dataTypeSize>50</dataTypeSize>
<ownDataTypeParameters>50,,</ownDataTypeParameters>
</Attribute>
<Attribute name="food_item_std_cost" id="43C456A9-F5FC-017A-387F-55D3643EC5DE">
<createdBy>leonardoray</createdBy>
<createdTime>2016-03-28 05:26:35 UTC</createdTime>
<commentInRDBMS>Price for the standard serve of a particular food item</commentInRDBMS>
<ownerDesignName>a1-rklay1-26445549</ownerDesignName>
<engineerTo>
<item key="161C6AA5-27D9-919F-4877-76E4F6385CBE" value="true"/>
</engineerTo>
<useDomainConstraints>false</useDomainConstraints>
<use>1</use>
<logicalDatatype>LOGDT019</logicalDatatype>
<dataTypePrecision>14</dataTypePrecision>
<dataTypeScale>2</dataTypeScale>
<ownDataTypeParameters>,14,2</ownDataTypeParameters>
</Attribute>
<Attribute name="food_item_std_energy_in_kj" id="06936126-C138-C5A0-96EC-95CE1A5E7DA0">
<createdBy>leonardoray</createdBy>
<createdTime>2016-03-28 05:26:49 UTC</createdTime>
<commentInRDBMS>The approximate amount of energy (Kj) contained in the standard serve of a particular food item</commentInRDBMS>
<ownerDesignName>a1-rklay1-26445549</ownerDesignName>
<engineerTo>
<item key="161C6AA5-27D9-919F-4877-76E4F6385CBE" value="true"/>
</engineerTo>
<useDomainConstraints>false</useDomainConstraints>
<use>1</use>
<logicalDatatype>LOGDT019</logicalDatatype>
<dataTypePrecision>8</dataTypePrecision>
<dataTypeScale>2</dataTypeScale>
<ownDataTypeParameters>,8,2</ownDataTypeParameters>
</Attribute>
<Attribute name="food_item_type" id="09A0F7DC-77A1-E14C-016B-F86B398E7517">
<createdBy>leonardoray</createdBy>
<createdTime>2016-03-28 05:27:13 UTC</createdTime>
<commentInRDBMS>Type of the food item (&quot;B&quot; = Beverage, &quot;E&quot; = Entree, &quot;M&quot; = Main, &quot;D&quot; = Dessert)</commentInRDBMS>
<ownerDesignName>a1-rklay1-26445549</ownerDesignName>
<engineerTo>
<item key="161C6AA5-27D9-919F-4877-76E4F6385CBE" value="true"/>
</engineerTo>
<constraintName>chk_food_item_type</constraintName>
<useDomainConstraints>false</useDomainConstraints>
<use>1</use>
<logicalDatatype>LOGDT025</logicalDatatype>
<dataTypeSize>1</dataTypeSize>
<listOfValues>
<valueDef value="B" description="Beverage"/>
<valueDef value="D" description="Dessert"/>
<valueDef value="E" description="Entree"/>
<valueDef value="M" description="Main"/>
</listOfValues>
<ownDataTypeParameters>1,,</ownDataTypeParameters>
</Attribute>
</attributes>
<identifiers itemClass="oracle.dbtools.crest.model.design.logical.CandidateKey">
<identifier id="B3C40464-9330-475D-AFB9-D088ABA1990D" name="food_item PK">
<createdBy>leonardoray</createdBy>
<createdTime>2016-03-28 05:27:20 UTC</createdTime>
<ownerDesignName>a1-rklay1-26445549</ownerDesignName>
<engineerTo>
<item key="161C6AA5-27D9-919F-4877-76E4F6385CBE" value="true"/>
</engineerTo>
<pk>true</pk>
<newElementsIDs>660204DC-B502-A2F3-6CF9-1BBC9775D56F</newElementsIDs>
<usedAttributes>
<attributeRef>660204DC-B502-A2F3-6CF9-1BBC9775D56F</attributeRef>
</usedAttributes>
</identifier>
</identifiers>
</Entity>