<?xml version = '1.0' encoding = 'UTF-8'?>
<Entity class="oracle.dbtools.crest.model.design.logical.Entity" directorySegmentName="seg_0" id="8711AB41-FD5E-BEF0-6F44-1D96661FA626" name="small">
<createdBy>leonardoray</createdBy>
<createdTime>2016-03-28 08:16:30 UTC</createdTime>
<ownerDesignName>a1-rklay1-26445549</ownerDesignName>
<engineerTo>
<item key="161C6AA5-27D9-919F-4877-76E4F6385CBE" value="true"/>
</engineerTo>
<adequatelyNormalized>NO</adequatelyNormalized>
<expectedVolumes>0</expectedVolumes>
<fwdEngineeringStrategyName>Single Table</fwdEngineeringStrategyName>
<growthPercent>0</growthPercent>
<growthType>Year</growthType>
<hierarchicalParent>2027661B-9A21-3A05-48E6-9D6A077D7816</hierarchicalParent>
<maxVolumes>9999999</maxVolumes>
<minVolumes>0</minVolumes>
<normalForm>Third</normalForm>
<attributes itemClass="oracle.dbtools.crest.model.design.logical.Attribute">
<Attribute name="main_small_serve_cost" id="3FB0B7AB-475C-206C-2D6C-87E2F730E531">
<createdBy>leonardoray</createdBy>
<createdTime>2016-03-28 08:16:40 UTC</createdTime>
<commentInRDBMS>Price for the small serve of a particular main</commentInRDBMS>
<ownerDesignName>a1-rklay1-26445549</ownerDesignName>
<engineerTo>
<item key="161C6AA5-27D9-919F-4877-76E4F6385CBE" value="true"/>
</engineerTo>
<useDomainConstraints>false</useDomainConstraints>
<use>1</use>
<logicalDatatype>LOGDT019</logicalDatatype>
<dataTypePrecision>14</dataTypePrecision>
<dataTypeScale>2</dataTypeScale>
<ownDataTypeParameters>,14,2</ownDataTypeParameters>
</Attribute>
<Attribute name="main_small_energy_in_kj" id="A154EE7E-1402-7A75-A1C1-EDA18AA8ECEC">
<createdBy>leonardoray</createdBy>
<createdTime>2016-03-28 08:16:41 UTC</createdTime>
<commentInRDBMS>The approximate amount of energy (Kj) contained in the small serve of a particular main</commentInRDBMS>
<ownerDesignName>a1-rklay1-26445549</ownerDesignName>
<engineerTo>
<item key="161C6AA5-27D9-919F-4877-76E4F6385CBE" value="true"/>
</engineerTo>
<useDomainConstraints>false</useDomainConstraints>
<use>1</use>
<logicalDatatype>LOGDT019</logicalDatatype>
<dataTypePrecision>8</dataTypePrecision>
<dataTypeScale>2</dataTypeScale>
<ownDataTypeParameters>,8,2</ownDataTypeParameters>
</Attribute>
</attributes>
</Entity>