<?xml version = '1.0' encoding = 'UTF-8'?>
<Entity class="oracle.dbtools.crest.model.design.logical.Entity" directorySegmentName="seg_0" id="98A5A7AF-4361-DB10-5302-06570AAE72D7" name="diner">
<createdBy>leonardoray</createdBy>
<createdTime>2016-03-28 00:36:39 UTC</createdTime>
<ownerDesignName>a1-rklay1-26445549</ownerDesignName>
<engineerTo>
<item key="161C6AA5-27D9-919F-4877-76E4F6385CBE" value="true"/>
</engineerTo>
<adequatelyNormalized>NO</adequatelyNormalized>
<expectedVolumes>0</expectedVolumes>
<fwdEngineeringStrategyName>Single Table</fwdEngineeringStrategyName>
<growthPercent>0</growthPercent>
<growthType>Year</growthType>
<maxVolumes>9999999</maxVolumes>
<minVolumes>0</minVolumes>
<normalForm>Third</normalForm>
<attributes itemClass="oracle.dbtools.crest.model.design.logical.Attribute">
<Attribute name="diner_num" id="AFE8B2B7-53AB-3B41-F0B4-2DCC95E80E1C">
<createdBy>leonardoray</createdBy>
<createdTime>2016-03-28 00:36:44 UTC</createdTime>
<commentInRDBMS>Unique number for each diner (in this case each diner number could be a representative for another diner)</commentInRDBMS>
<ownerDesignName>a1-rklay1-26445549</ownerDesignName>
<engineerTo>
<item key="161C6AA5-27D9-919F-4877-76E4F6385CBE" value="true"/>
</engineerTo>
<useDomainConstraints>false</useDomainConstraints>
<use>1</use>
<logicalDatatype>LOGDT019</logicalDatatype>
<dataTypePrecision>5</dataTypePrecision>
<ownDataTypeParameters>,5,</ownDataTypeParameters>
</Attribute>
</attributes>
<identifiers itemClass="oracle.dbtools.crest.model.design.logical.CandidateKey">
<identifier id="91617A4D-D572-6D61-8D2B-A933D4919188" name="diner PK">
<createdBy>leonardoray</createdBy>
<createdTime>2016-03-28 00:36:50 UTC</createdTime>
<ownerDesignName>a1-rklay1-26445549</ownerDesignName>
<engineerTo>
<item key="161C6AA5-27D9-919F-4877-76E4F6385CBE" value="true"/>
</engineerTo>
<pk>true</pk>
<newElementsIDs>AFE8B2B7-53AB-3B41-F0B4-2DCC95E80E1C</newElementsIDs>
<usedAttributes>
<attributeRef>AFE8B2B7-53AB-3B41-F0B4-2DCC95E80E1C</attributeRef>
</usedAttributes>
</identifier>
</identifiers>
</Entity>