<?xml version = '1.0' encoding = 'UTF-8'?>
<Entity class="oracle.dbtools.crest.model.design.logical.Entity" directorySegmentName="seg_0" id="B9E4E038-2B8A-2BA2-B094-F8B5B3BABDCD" name="diner_food_item">
<createdBy>leonardoray</createdBy>
<createdTime>2016-03-28 05:52:22 UTC</createdTime>
<ownerDesignName>a1-rklay1-26445549</ownerDesignName>
<engineerTo>
<item key="161C6AA5-27D9-919F-4877-76E4F6385CBE" value="true"/>
</engineerTo>
<adequatelyNormalized>NO</adequatelyNormalized>
<expectedVolumes>0</expectedVolumes>
<fwdEngineeringStrategyName>Single Table</fwdEngineeringStrategyName>
<growthPercent>0</growthPercent>
<growthType>Year</growthType>
<maxVolumes>9999999</maxVolumes>
<minVolumes>0</minVolumes>
<normalForm>Third</normalForm>
<attributes itemClass="oracle.dbtools.crest.model.design.logical.Attribute">
<Attribute name="diner_food_item_ID" id="B8F3A5EE-3390-6B3D-2B77-A70F581BD16A">
<createdBy>leonardoray</createdBy>
<createdTime>2016-03-28 05:52:30 UTC</createdTime>
<commentInRDBMS>Unique number for each food item that is being ordered by a particular diner</commentInRDBMS>
<ownerDesignName>a1-rklay1-26445549</ownerDesignName>
<engineerTo>
<item key="161C6AA5-27D9-919F-4877-76E4F6385CBE" value="true"/>
</engineerTo>
<useDomainConstraints>false</useDomainConstraints>
<use>1</use>
<logicalDatatype>LOGDT019</logicalDatatype>
<dataTypePrecision>5</dataTypePrecision>
<ownDataTypeParameters>,5,</ownDataTypeParameters>
</Attribute>
<Attribute name="diner_num" id="6F531359-A8A0-04C7-1E01-435646F4919E">
<createdBy>leonardoray</createdBy>
<createdTime>2016-04-11 09:20:43 UTC</createdTime>
<commentInRDBMS>Unique number for each diner (in this case each diner number could be a representative for another diner)</commentInRDBMS>
<generatorID>3AD49401-61F8-AA12-45B3-7313B20A0BC2</generatorID>
<ownerDesignName>a1-rklay1-26445549</ownerDesignName>
<engineerTo>
<item key="161C6AA5-27D9-919F-4877-76E4F6385CBE" value="true"/>
</engineerTo>
<referedAttribute>AFE8B2B7-53AB-3B41-F0B4-2DCC95E80E1C</referedAttribute>
<useDomainConstraints>false</useDomainConstraints>
<use>1</use>
<logicalDatatype>LOGDT019</logicalDatatype>
<dataTypePrecision>5</dataTypePrecision>
<ownDataTypeParameters>,5,</ownDataTypeParameters>
</Attribute>
<Attribute name="food_item_num" id="E74B57EA-E83B-4496-3BF4-22F7E12E8864">
<createdBy>leonardoray</createdBy>
<createdTime>2016-03-28 06:06:56 UTC</createdTime>
<commentInRDBMS>Unique number for each food item (ex: 1. omelette, etc)</commentInRDBMS>
<generatorID>F3DA0B70-7396-1492-126D-C5922197AFB1</generatorID>
<ownerDesignName>a1-rklay1-26445549</ownerDesignName>
<engineerTo>
<item key="161C6AA5-27D9-919F-4877-76E4F6385CBE" value="true"/>
</engineerTo>
<referedAttribute>660204DC-B502-A2F3-6CF9-1BBC9775D56F</referedAttribute>
<useDomainConstraints>false</useDomainConstraints>
<use>1</use>
<logicalDatatype>LOGDT019</logicalDatatype>
<dataTypePrecision>5</dataTypePrecision>
<ownDataTypeParameters>,5,</ownDataTypeParameters>
</Attribute>
<Attribute name="diner_food_item_size" id="B9F9592B-5A41-03FF-B4F7-800D601A028F">
<createdBy>leonardoray</createdBy>
<createdTime>2016-04-11 08:56:02 UTC</createdTime>
<commentInRDBMS>Determine the serve size of the ordered food item (&quot;R&quot; = regular/standard, &quot;S&quot; = Small, &quot;L&quot; = Large)</commentInRDBMS>
<ownerDesignName>a1-rklay1-26445549</ownerDesignName>
<engineerTo>
<item key="161C6AA5-27D9-919F-4877-76E4F6385CBE" value="true"/>
</engineerTo>
<constraintName>chk_diner_food_item_size</constraintName>
<useDomainConstraints>false</useDomainConstraints>
<use>1</use>
<logicalDatatype>LOGDT025</logicalDatatype>
<dataTypeSize>1</dataTypeSize>
<listOfValues>
<valueDef value="L" description="Large"/>
<valueDef value="R" description="Regular"/>
<valueDef value="S" description="Small"/>
</listOfValues>
<ownDataTypeParameters>1,,</ownDataTypeParameters>
</Attribute>
</attributes>
<identifiers itemClass="oracle.dbtools.crest.model.design.logical.CandidateKey">
<identifier id="8A504465-5008-057D-D64F-BB5DD97026B3" name="diner_food_item PK">
<createdBy>leonardoray</createdBy>
<createdTime>2016-03-28 05:52:50 UTC</createdTime>
<ownerDesignName>a1-rklay1-26445549</ownerDesignName>
<engineerTo>
<item key="161C6AA5-27D9-919F-4877-76E4F6385CBE" value="true"/>
</engineerTo>
<pk>true</pk>
<newElementsIDs>B8F3A5EE-3390-6B3D-2B77-A70F581BD16A</newElementsIDs>
<usedAttributes>
<attributeRef>B8F3A5EE-3390-6B3D-2B77-A70F581BD16A</attributeRef>
</usedAttributes>
</identifier>
</identifiers>
</Entity>