<?xml version = '1.0' encoding = 'UTF-8'?>
<Entity class="oracle.dbtools.crest.model.design.logical.Entity" directorySegmentName="seg_0" id="E946EE9B-ACD3-54F6-EEF2-A039A9119A7B" name="tables">
<createdBy>leonardoray</createdBy>
<createdTime>2016-03-28 00:53:35 UTC</createdTime>
<ownerDesignName>a1-rklay1-26445549</ownerDesignName>
<engineerTo>
<item key="161C6AA5-27D9-919F-4877-76E4F6385CBE" value="true"/>
</engineerTo>
<adequatelyNormalized>NO</adequatelyNormalized>
<expectedVolumes>0</expectedVolumes>
<fwdEngineeringStrategyName>Single Table</fwdEngineeringStrategyName>
<growthPercent>0</growthPercent>
<growthType>Year</growthType>
<maxVolumes>9999999</maxVolumes>
<minVolumes>0</minVolumes>
<normalForm>Third</normalForm>
<attributes itemClass="oracle.dbtools.crest.model.design.logical.Attribute">
<Attribute name="tables_num" id="8F51AABD-1BDF-D8BC-EC4F-1DE34606F894">
<createdBy>leonardoray</createdBy>
<createdTime>2016-03-28 00:53:43 UTC</createdTime>
<commentInRDBMS>Unique number for each table</commentInRDBMS>
<ownerDesignName>a1-rklay1-26445549</ownerDesignName>
<engineerTo>
<item key="161C6AA5-27D9-919F-4877-76E4F6385CBE" value="true"/>
</engineerTo>
<useDomainConstraints>false</useDomainConstraints>
<use>1</use>
<logicalDatatype>LOGDT019</logicalDatatype>
<dataTypePrecision>5</dataTypePrecision>
<ownDataTypeParameters>,5,</ownDataTypeParameters>
</Attribute>
<Attribute name="tables_seat_capacity" id="8D8D44A0-61FB-1533-5643-F234E21E03BC">
<createdBy>leonardoray</createdBy>
<createdTime>2016-03-28 00:53:43 UTC</createdTime>
<commentInRDBMS>Table seating capacity (how many diners/people can sit at the table)</commentInRDBMS>
<ownerDesignName>a1-rklay1-26445549</ownerDesignName>
<engineerTo>
<item key="161C6AA5-27D9-919F-4877-76E4F6385CBE" value="true"/>
</engineerTo>
<useDomainConstraints>false</useDomainConstraints>
<use>1</use>
<logicalDatatype>LOGDT019</logicalDatatype>
<dataTypePrecision>5</dataTypePrecision>
<ownDataTypeParameters>,5,</ownDataTypeParameters>
</Attribute>
<Attribute name="tables_location" id="C41A7198-759D-D856-FDCB-04248847C082">
<createdBy>leonardoray</createdBy>
<createdTime>2016-03-28 00:53:44 UTC</createdTime>
<commentInRDBMS>Table location (near the windows, etc)</commentInRDBMS>
<ownerDesignName>a1-rklay1-26445549</ownerDesignName>
<engineerTo>
<item key="161C6AA5-27D9-919F-4877-76E4F6385CBE" value="true"/>
</engineerTo>
<useDomainConstraints>false</useDomainConstraints>
<use>1</use>
<logicalDatatype>LOGDT024</logicalDatatype>
<dataTypeSize>20</dataTypeSize>
<ownDataTypeParameters>20,,</ownDataTypeParameters>
</Attribute>
</attributes>
<identifiers itemClass="oracle.dbtools.crest.model.design.logical.CandidateKey">
<identifier id="45297242-3564-09B2-CBAE-2F7C6DECF608" name="tables PK">
<createdBy>leonardoray</createdBy>
<createdTime>2016-03-28 00:53:51 UTC</createdTime>
<ownerDesignName>a1-rklay1-26445549</ownerDesignName>
<engineerTo>
<item key="161C6AA5-27D9-919F-4877-76E4F6385CBE" value="true"/>
</engineerTo>
<pk>true</pk>
<newElementsIDs>8F51AABD-1BDF-D8BC-EC4F-1DE34606F894</newElementsIDs>
<usedAttributes>
<attributeRef>8F51AABD-1BDF-D8BC-EC4F-1DE34606F894</attributeRef>
</usedAttributes>
</identifier>
</identifiers>
</Entity>