<?xml version = '1.0' encoding = 'UTF-8'?>
<FKArc class="oracle.dbtools.crest.model.design.relational.FKArc" directorySegmentName="seg_0" id="B417A9F4-E5D1-41D6-6AC7-FE5D9C77AF97" name="FK_food_item_subtypes">
<createdBy>leonardoray</createdBy>
<createdTime>2016-04-11 10:04:09 UTC</createdTime>
<ownerDesignName>2</ownerDesignName>
<mandatory>true</mandatory>
<reverseArc>true</reverseArc>
<table>DE4F013A-DD5E-F6DC-93EE-CEEF83FE81C0</table>
<discriminatorColumn>B9CC5365-A159-C863-44FC-ED2EF5971531</discriminatorColumn>
<fkeys>
<fkeyID>F30AAFC1-7C69-B30F-2865-D20BD8F0169F</fkeyID>
<fkeyID>B074A160-B5D0-8E89-4DFE-528D4FFAFFB4</fkeyID>
<fkeyID>FE62487F-457E-6B6E-392B-D4ED6DA0D0BA</fkeyID>
<fkeyID>B154E726-384E-A78C-462D-F4993842F4E1</fkeyID>
</fkeys>
</FKArc>