<?xml version = '1.0' encoding = 'UTF-8'?>
<Diagram class="oracle.dbtools.crest.swingui.logical.DPVLogical" name="Logical" id="26DCF278-86D5-E625-45DB-CD4A5C7A6270">
<createdBy>leonardoray</createdBy>
<modifiedBy>leonardoray</modifiedBy>
<createdTime>2016-03-28 00:28:04 UTC</createdTime>
<autoRoute>false</autoRoute>
<boxInbox>true</boxInbox>
<showLegend>true</showLegend>
<showLabels>false</showLabels>
<showRelAttributes>false</showRelAttributes>
<gridEnabled>false</gridEnabled>
<showGrid>false</showGrid>
<diagramColor>-1</diagramColor>
<display>false</display>
<notation>2</notation>
<objectViews>
<OView class="oracle.dbtools.crest.swingui.TVLegend" oid="03A90948-542B-E084-96B5-C7F80E3822DF" otype="Legend" vid="29E2EAF7-01C7-F64F-01B2-674D6DB4A997">
<hideElementsInCurrentOnly>false</hideElementsInCurrentOnly>
<bounds x="10" y="10" width="232" height="135"/>
</OView>
<OView class="oracle.dbtools.crest.swingui.logical.TVEntity" oid="0A64D63F-B783-3C7E-CFB4-E3562390C507" otype="Entity" vid="42DF19B3-8333-72CE-A865-D1ED50175EC4">
<hideElementsInCurrentOnly>false</hideElementsInCurrentOnly>
<bounds x="628" y="719" width="226" height="42"/>
</OView>
<OView class="oracle.dbtools.crest.swingui.logical.TVEntity" oid="0CF54482-3164-3C61-0294-E3530AB2CFC8" otype="Entity" vid="06B5AFB2-8CBC-C76B-268C-5BDFEC7D8ED3">
<hideElementsInCurrentOnly>false</hideElementsInCurrentOnly>
<bounds x="628" y="823" width="210" height="42"/>
</OView>
<OView class="oracle.dbtools.crest.swingui.logical.TVEntity" oid="2027661B-9A21-3A05-48E6-9D6A077D7816" otype="Entity" vid="8FEF8D6B-A2C2-EE39-E5D7-65671D8A5CDA">
<hideElementsInCurrentOnly>false</hideElementsInCurrentOnly>
<bounds x="628" y="555" width="519" height="154"/>
</OView>
<OView class="oracle.dbtools.crest.swingui.logical.TVEntity" oid="2DF8238D-7AE2-936B-A6B8-F2070807ACC3" otype="Entity" vid="3AEAA7EB-6D4E-BFD6-5B10-5C46AEFFF7E5">
<hideElementsInCurrentOnly>false</hideElementsInCurrentOnly>
<bounds x="863" y="641" width="271" height="56"/>
</OView>
<OView class="oracle.dbtools.crest.swingui.logical.TVEntity" oid="383DDD23-9DFA-3FD0-2185-EB90225AF3E3" otype="Entity" vid="E5FD815F-7B2B-6296-7997-3F877A7DB3BF">
<hideElementsInCurrentOnly>false</hideElementsInCurrentOnly>
<bounds x="539" y="47" width="244" height="88"/>
</OView>
<OView class="oracle.dbtools.crest.swingui.logical.TVEntity" oid="395AF89C-A1AA-DEF9-9D5C-19DAC8296EED" otype="Entity" vid="69E96383-1F98-CF51-AA40-904E8E481692">
<hideElementsInCurrentOnly>false</hideElementsInCurrentOnly>
<bounds x="628" y="771" width="173" height="42"/>
</OView>
<OView class="oracle.dbtools.crest.swingui.logical.TVEntity" oid="3FEDD752-A78A-367E-638A-5CC48E5C6BD0" otype="Entity" vid="A86299A5-0450-67B7-0029-AC4CE5305D62">
<hideElementsInCurrentOnly>false</hideElementsInCurrentOnly>
<bounds x="346" y="535" width="813" height="342"/>
</OView>
<OView class="oracle.dbtools.crest.swingui.logical.TVEntity" oid="8711AB41-FD5E-BEF0-6F44-1D96661FA626" otype="Entity" vid="73C3BB35-6F6B-321F-22EC-283EF13D3FF4">
<hideElementsInCurrentOnly>false</hideElementsInCurrentOnly>
<bounds x="863" y="575" width="272" height="56"/>
</OView>
<OView class="oracle.dbtools.crest.swingui.logical.TVEntity" oid="98A5A7AF-4361-DB10-5302-06570AAE72D7" otype="Entity" vid="263143D2-B01A-CFAC-933C-ECEAE575860D">
<hideElementsInCurrentOnly>false</hideElementsInCurrentOnly>
<bounds x="574" y="199" width="185" height="60"/>
</OView>
<OView class="oracle.dbtools.crest.swingui.logical.TVEntity" oid="B9E4E038-2B8A-2BA2-B094-F8B5B3BABDCD" otype="Entity" vid="FD8139C1-D851-CA55-F4D5-CBD64EBAF7F8">
<hideElementsInCurrentOnly>false</hideElementsInCurrentOnly>
<bounds x="558" y="330" width="245" height="112"/>
</OView>
<OView class="oracle.dbtools.crest.swingui.logical.TVEntity" oid="E946EE9B-ACD3-54F6-EEF2-A039A9119A7B" otype="Entity" vid="F068BBFD-B225-4839-6B45-7CF0A0982C74">
<hideElementsInCurrentOnly>false</hideElementsInCurrentOnly>
<bounds x="248" y="51" width="242" height="88"/>
</OView>
</objectViews>
<connectors>
<Connector class="oracle.dbtools.crest.swingui.logical.TVInheritanceRelation" oid="166FDD60-91FD-8D34-232B-B96A028FC5CA" otype="Hierarchy relation" vid_source="8FEF8D6B-A2C2-EE39-E5D7-65671D8A5CDA" vid_target="73C3BB35-6F6B-321F-22EC-283EF13D3FF4">
<hideElementsInCurrentOnly>false</hideElementsInCurrentOnly>
<lineWidth>1</lineWidth>
</Connector>
<Connector class="oracle.dbtools.crest.swingui.logical.TVInheritanceRelation" oid="1A00F218-E09B-E7FC-D155-7AB44063BB9F" otype="Hierarchy relation" vid_source="8FEF8D6B-A2C2-EE39-E5D7-65671D8A5CDA" vid_target="3AEAA7EB-6D4E-BFD6-5B10-5C46AEFFF7E5">
<hideElementsInCurrentOnly>false</hideElementsInCurrentOnly>
<lineWidth>1</lineWidth>
</Connector>
<Connector class="oracle.dbtools.crest.swingui.logical.TVRelation" oid="3AD49401-61F8-AA12-45B3-7313B20A0BC2" otype="Relation" vid_source="263143D2-B01A-CFAC-933C-ECEAE575860D" vid_target="FD8139C1-D851-CA55-F4D5-CBD64EBAF7F8">
<hideElementsInCurrentOnly>false</hideElementsInCurrentOnly>
<lineWidth>1</lineWidth>
<points>
<point x="676" y="259"/>
<point x="676" y="330"/>
</points>
</Connector>
<Connector class="oracle.dbtools.crest.swingui.logical.TVInheritanceRelation" oid="5A6412AC-C796-D10B-FF98-06C98FA10CCF" otype="Hierarchy relation" vid_source="A86299A5-0450-67B7-0029-AC4CE5305D62" vid_target="42DF19B3-8333-72CE-A865-D1ED50175EC4">
<hideElementsInCurrentOnly>false</hideElementsInCurrentOnly>
<lineWidth>1</lineWidth>
</Connector>
<Connector class="oracle.dbtools.crest.swingui.logical.TVRelation" oid="61CE7A3E-BE1A-27CE-3E0A-B1BA7DE3F1E9" otype="Relation" vid_source="F068BBFD-B225-4839-6B45-7CF0A0982C74" vid_target="E5FD815F-7B2B-6296-7997-3F877A7DB3BF">
<hideElementsInCurrentOnly>false</hideElementsInCurrentOnly>
<lineWidth>1</lineWidth>
<points>
<point x="490" y="93"/>
<point x="539" y="93"/>
</points>
</Connector>
<Connector class="oracle.dbtools.crest.swingui.logical.TVRelation" oid="662080E2-28CE-7E3A-B7CF-CB98DEDD133D" otype="Relation" vid_source="263143D2-B01A-CFAC-933C-ECEAE575860D" vid_target="E5FD815F-7B2B-6296-7997-3F877A7DB3BF">
<hideElementsInCurrentOnly>false</hideElementsInCurrentOnly>
<lineWidth>1</lineWidth>
<points>
<point x="676" y="199"/>
<point x="676" y="135"/>
</points>
</Connector>
<Connector class="oracle.dbtools.crest.swingui.logical.TVInheritanceRelation" oid="BDF3D4E5-C828-B72F-8D67-185185646222" otype="Hierarchy relation" vid_source="A86299A5-0450-67B7-0029-AC4CE5305D62" vid_target="69E96383-1F98-CF51-AA40-904E8E481692">
<hideElementsInCurrentOnly>false</hideElementsInCurrentOnly>
<lineWidth>1</lineWidth>
</Connector>
<Connector class="oracle.dbtools.crest.swingui.logical.TVInheritanceRelation" oid="C742B860-0573-9ECD-E7E9-E303337CC965" otype="Hierarchy relation" vid_source="A86299A5-0450-67B7-0029-AC4CE5305D62" vid_target="06B5AFB2-8CBC-C76B-268C-5BDFEC7D8ED3">
<hideElementsInCurrentOnly>false</hideElementsInCurrentOnly>
<lineWidth>1</lineWidth>
</Connector>
<Connector class="oracle.dbtools.crest.swingui.logical.TVInheritanceRelation" oid="CDCB7B05-8891-11B0-BC1F-E9D0EF7D7D86" otype="Hierarchy relation" vid_source="A86299A5-0450-67B7-0029-AC4CE5305D62" vid_target="8FEF8D6B-A2C2-EE39-E5D7-65671D8A5CDA">
<hideElementsInCurrentOnly>false</hideElementsInCurrentOnly>
<lineWidth>1</lineWidth>
</Connector>
<Connector class="oracle.dbtools.crest.swingui.logical.TVRelation" oid="F3DA0B70-7396-1492-126D-C5922197AFB1" otype="Relation" vid_source="A86299A5-0450-67B7-0029-AC4CE5305D62" vid_target="FD8139C1-D851-CA55-F4D5-CBD64EBAF7F8">
<hideElementsInCurrentOnly>false</hideElementsInCurrentOnly>
<lineWidth>1</lineWidth>
<points>
<point x="680" y="535"/>
<point x="680" y="442"/>
</points>
</Connector>
</connectors>
</Diagram>