<?xml version = '1.0' encoding = 'UTF-8'?>
<RMExtendedMap class="oracle.dbtools.crest.model.xtdmapping.RMExtendedMap">
<mappings itemClass="oracle.dbtools.crest.model.xtdmapping.ContainerMapping">
<CM id="0A64D63F-E3562390C5072653A665-6D6D1422C92B" iT="3" lID="0A64D63F-B783-3C7E-CFB4-E3562390C507" lT="0" rID="2653A665-B54B-E7E5-E336-6D6D1422C92B" rT="4">
<containedMappings itemClass="oracle.dbtools.crest.model.xtdmapping.RelMapping">
<Mg id="15280E29-23FE4F03EE8899FC1636-BEFD0669A3C1" iT="3" lID="15280E29-5668-F47E-EBAD-23FE4F03EE88" rID="99FC1636-C0A5-953D-01CA-BEFD0669A3C1">
</Mg>
</containedMappings>
</CM>
<CM id="0CF54482-E3530AB2CFC8CF7DEE78-6853E3981610" iT="3" lID="0CF54482-3164-3C61-0294-E3530AB2CFC8" lT="0" rID="CF7DEE78-3014-B330-D960-6853E3981610" rT="4">
<containedMappings itemClass="oracle.dbtools.crest.model.xtdmapping.RelMapping">
<Mg id="CBBD890B-F1539BB98B1A17A88187-DEDB7CC7533B" iT="3" lID="CBBD890B-63AF-EDC7-37A2-F1539BB98B1A" rID="17A88187-78FA-E47E-D28D-DEDB7CC7533B">
</Mg>
</containedMappings>
</CM>
<CM id="2027661B-9D6A077D78166DEFD34F-A7337DBB377B" iT="3" lID="2027661B-9A21-3A05-48E6-9D6A077D7816" lT="0" rID="6DEFD34F-3F90-4E54-698D-A7337DBB377B" rT="4">
<containedMappings itemClass="oracle.dbtools.crest.model.xtdmapping.RelMapping">
<Mg id="1F411820-783C0BE0F87079985343-BC3530EDA8C8" iT="3" lID="1F411820-525D-EFB0-DEC0-783C0BE0F870" rID="79985343-06A2-87FF-0AED-BC3530EDA8C8">
</Mg>
<Mg id="226EC5E3-43EA7D16021468C4DEEC-B0D2B7CBA835" iT="3" lID="226EC5E3-F384-EE27-7C08-43EA7D160214" rID="68C4DEEC-0990-67A5-F1DB-B0D2B7CBA835">
</Mg>
<Mg id="672090B9-FC6C14499382EF2A8D79-9CE442665363" iT="3" lID="672090B9-9AA9-3AF6-A0F4-FC6C14499382" rID="EF2A8D79-F292-581D-D276-9CE442665363">
</Mg>
<Mg id="EC76FA1D-F5E7C5CF6AEB34DB06B5-DCF4F7AB42C5" iT="3" lID="EC76FA1D-D940-C75E-5BF1-F5E7C5CF6AEB" rID="34DB06B5-0C96-18E2-34D8-DCF4F7AB42C5">
</Mg>
</containedMappings>
</CM>
<CM id="2DF8238D-F2070807ACC3D5D0E8CD-D6A0A8639546" iT="3" lID="2DF8238D-7AE2-936B-A6B8-F2070807ACC3" lT="0" rID="D5D0E8CD-37E3-01B6-2BF4-D6A0A8639546" rT="4">
<containedMappings itemClass="oracle.dbtools.crest.model.xtdmapping.RelMapping">
<Mg id="47549234-06500E5917319A08AA32-21D7D5C7B750" iT="3" lID="47549234-DC0E-A742-6C76-06500E591731" rID="9A08AA32-097B-8699-5E28-21D7D5C7B750">
</Mg>
<Mg id="971F86D7-C37EBC4764C17A68BF3E-5370A7DABC8A" iT="3" lID="971F86D7-3494-C22D-838E-C37EBC4764C1" rID="7A68BF3E-0D5A-E855-26E5-5370A7DABC8A">
</Mg>
</containedMappings>
</CM>
<CM id="383DDD23-EB90225AF3E3C8BAF2F4-7D971B85602D" lID="383DDD23-9DFA-3FD0-2185-EB90225AF3E3" lT="0" rID="C8BAF2F4-1195-852B-3BB6-7D971B85602D" rT="4">
<containedMappings itemClass="oracle.dbtools.crest.model.xtdmapping.RelMapping">
<Mg id="07CAB73A-379E1E4FC57E25EE5FDD-2C7821E081B0" lID="07CAB73A-9F25-07D8-0E01-379E1E4FC57E" rID="25EE5FDD-E4C5-9DFB-F133-2C7821E081B0">
</Mg>
<Mg id="3425FA4B-B69AC8CB04E0809A5A08-3266C0EB7EBD" lID="3425FA4B-DC27-8D3E-DEE8-B69AC8CB04E0" rID="809A5A08-9EBD-361E-2695-3266C0EB7EBD">
</Mg>
<Mg id="DA426AC0-79A8FE33987D3FCB1BF1-478BD358C510" lID="DA426AC0-E7C2-4D74-8CC2-79A8FE33987D" lT="2" rID="3FCB1BF1-1A1E-7161-C581-478BD358C510" rT="7">
</Mg>
<Mg id="E2027BF3-69D7DDB9722ADC55CBEB-C01DE289CBE9" lID="E2027BF3-706F-A9AC-5776-69D7DDB9722A" rID="DC55CBEB-5FDF-2987-A2A4-C01DE289CBE9">
</Mg>
</containedMappings>
</CM>
<CM id="395AF89C-19DAC8296EED05421435-C3BAC0AA0FCF" iT="3" lID="395AF89C-A1AA-DEF9-9D5C-19DAC8296EED" lT="0" rID="05421435-7143-7414-8E0D-C3BAC0AA0FCF" rT="4">
<containedMappings itemClass="oracle.dbtools.crest.model.xtdmapping.RelMapping">
<Mg id="B334A53B-5D3D41A7E03692CCF8CE-FEB83938439F" iT="3" lID="B334A53B-A26E-5A50-1DDE-5D3D41A7E036" rID="92CCF8CE-E02A-017B-32B8-FEB83938439F">
</Mg>
</containedMappings>
</CM>
<CM id="3FEDD752-5CC48E5C6BD0DE4F013A-CEEF83FE81C0" iT="3" lID="3FEDD752-A78A-367E-638A-5CC48E5C6BD0" lT="0" rID="DE4F013A-DD5E-F6DC-93EE-CEEF83FE81C0" rT="4">
<containedMappings itemClass="oracle.dbtools.crest.model.xtdmapping.RelMapping">
<Mg id="06936126-95CE1A5E7DA07BE7579D-67A3B6C530DF" iT="3" lID="06936126-C138-C5A0-96EC-95CE1A5E7DA0" rID="7BE7579D-DB95-C332-41FF-67A3B6C530DF">
</Mg>
<Mg id="09A0F7DC-F86B398E7517B9CC5365-ED2EF5971531" iT="3" lID="09A0F7DC-77A1-E14C-016B-F86B398E7517" rID="B9CC5365-A159-C863-44FC-ED2EF5971531">
</Mg>
<Mg id="43A38CA8-FDD14F4D1D09E1A1E265-A8DE787603EF" iT="3" lID="43A38CA8-01B0-320C-A6B2-FDD14F4D1D09" rID="E1A1E265-2CF4-B3F0-83DB-A8DE787603EF">
</Mg>
<Mg id="43C456A9-55D3643EC5DE55E2471B-32F4B8FDF12A" iT="3" lID="43C456A9-F5FC-017A-387F-55D3643EC5DE" rID="55E2471B-8023-804A-3259-32F4B8FDF12A">
</Mg>
<Mg id="660204DC-1BBC9775D56F012F42C7-F176C7A00329" iT="3" lID="660204DC-B502-A2F3-6CF9-1BBC9775D56F" rID="012F42C7-DE86-5142-063E-F176C7A00329">
</Mg>
<Mg id="7C6E9C4D-B571005E3C7BA059FB87-68BA637A4EEB" iT="3" lID="7C6E9C4D-E7E6-AD21-7119-B571005E3C7B" rID="A059FB87-A698-747E-F2C8-68BA637A4EEB">
</Mg>
<Mg id="B3C40464-D088ABA1990D62D0C0BB-44EFBF2D82E0" iT="3" lID="B3C40464-9330-475D-AFB9-D088ABA1990D" lT="2" rID="62D0C0BB-460C-D528-2463-44EFBF2D82E0" rT="7">
</Mg>
</containedMappings>
</CM>
<CM id="8711AB41-1D96661FA6265911A6BE-EA31C06DE39B" iT="3" lID="8711AB41-FD5E-BEF0-6F44-1D96661FA626" lT="0" rID="5911A6BE-0642-A8BE-4D3C-EA31C06DE39B" rT="4">
<containedMappings itemClass="oracle.dbtools.crest.model.xtdmapping.RelMapping">
<Mg id="3FB0B7AB-87E2F730E5317CD719C2-5EC82780F7AF" iT="3" lID="3FB0B7AB-475C-206C-2D6C-87E2F730E531" rID="7CD719C2-1462-6040-5F31-5EC82780F7AF">
</Mg>
<Mg id="A154EE7E-EDA18AA8ECECFDC05E21-A8F4540B8F8A" iT="3" lID="A154EE7E-1402-7A75-A1C1-EDA18AA8ECEC" rID="FDC05E21-B78F-891F-FDB3-A8F4540B8F8A">
</Mg>
</containedMappings>
</CM>
<CM id="98A5A7AF-06570AAE72D75672A89E-B19D478F2C28" lID="98A5A7AF-4361-DB10-5302-06570AAE72D7" lT="0" rID="5672A89E-066C-9DE0-D429-B19D478F2C28" rT="4">
<containedMappings itemClass="oracle.dbtools.crest.model.xtdmapping.RelMapping">
<Mg id="91617A4D-A933D491918816B1A40A-1ACFD9F27F7B" lID="91617A4D-D572-6D61-8D2B-A933D4919188" lT="2" rID="16B1A40A-9EED-E35F-7156-1ACFD9F27F7B" rT="7">
</Mg>
<Mg id="AFE8B2B7-2DCC95E80E1C82FD697C-46F76F5509DE" lID="AFE8B2B7-53AB-3B41-F0B4-2DCC95E80E1C" rID="82FD697C-C2EC-4552-3EC4-46F76F5509DE">
</Mg>
</containedMappings>
</CM>
<CM id="B9E4E038-F8B5B3BABDCDE0603627-6D0ADBEA5CE7" lID="B9E4E038-2B8A-2BA2-B094-F8B5B3BABDCD" lT="0" rID="E0603627-4F6F-80FD-CAAB-6D0ADBEA5CE7" rT="4">
<containedMappings itemClass="oracle.dbtools.crest.model.xtdmapping.RelMapping">
<Mg id="6F531359-435646F4919E504B9E55-1B549227716D" lID="6F531359-A8A0-04C7-1E01-435646F4919E" rID="504B9E55-1FDA-40E3-B218-1B549227716D">
</Mg>
<Mg id="8A504465-BB5DD97026B35F32F660-9958C673F7A6" lID="8A504465-5008-057D-D64F-BB5DD97026B3" lT="2" rID="5F32F660-10B2-5C28-E35C-9958C673F7A6" rT="7">
</Mg>
<Mg id="B8F3A5EE-A70F581BD16A82E6B550-50CC8003AA54" lID="B8F3A5EE-3390-6B3D-2B77-A70F581BD16A" rID="82E6B550-56B3-F7CC-1B1A-50CC8003AA54">
</Mg>
<Mg id="B9F9592B-800D601A028F70C6EF19-8F8D1A06EAB3" lID="B9F9592B-5A41-03FF-B4F7-800D601A028F" rID="70C6EF19-86C3-B399-3201-8F8D1A06EAB3">
</Mg>
<Mg id="E74B57EA-22F7E12E8864835DB11D-95CDBD134B44" lID="E74B57EA-E83B-4496-3BF4-22F7E12E8864" rID="835DB11D-A40F-532C-7971-95CDBD134B44">
</Mg>
</containedMappings>
</CM>
<CM id="E946EE9B-A039A9119A7BA1279CD3-F4D84048DEA2" lID="E946EE9B-ACD3-54F6-EEF2-A039A9119A7B" lT="0" rID="A1279CD3-175F-55D8-CD1A-F4D84048DEA2" rT="4">
<containedMappings itemClass="oracle.dbtools.crest.model.xtdmapping.RelMapping">
<Mg id="45297242-2F7C6DECF608410F7997-D68FC726E4F9" lID="45297242-3564-09B2-CBAE-2F7C6DECF608" lT="2" rID="410F7997-FB22-C3A4-796D-D68FC726E4F9" rT="7">
</Mg>
<Mg id="8D8D44A0-F234E21E03BC3639264D-9CC82D72E60E" lID="8D8D44A0-61FB-1533-5643-F234E21E03BC" rID="3639264D-F28C-3882-3A08-9CC82D72E60E">
</Mg>
<Mg id="8F51AABD-1DE34606F894389D2E33-E0C969EC8CC5" lID="8F51AABD-1BDF-D8BC-EC4F-1DE34606F894" rID="389D2E33-1847-ECEC-4635-E0C969EC8CC5">
</Mg>
<Mg id="C41A7198-04248847C08228C98434-4A767A322DA2" lID="C41A7198-759D-D856-FDCB-04248847C082" rID="28C98434-09D5-8091-9A3F-4A767A322DA2">
</Mg>
</containedMappings>
</CM>
<CM id="166FDD60-B96A028FC5CA88B063A6-A4EF55D375DA" iT="4" lID="166FDD60-91FD-8D34-232B-B96A028FC5CA" lT="9" rID="88B063A6-A12F-8689-DC2E-A4EF55D375DA" rT="8">
</CM>
<CM id="1A00F218-7AB44063BB9FC1A507A1-5506E9E031AF" iT="4" lID="1A00F218-E09B-E7FC-D155-7AB44063BB9F" lT="9" rID="C1A507A1-8B03-AFBE-4A04-5506E9E031AF" rT="8">
</CM>
<CM id="3AD49401-7313B20A0BC2617E0A1B-7D6445D7BA8F" lID="3AD49401-61F8-AA12-45B3-7313B20A0BC2" lT="3" rID="617E0A1B-3D5E-FA63-C521-7D6445D7BA8F" rT="8" rSEnt="98A5A7AF-4361-DB10-5302-06570AAE72D7" rTEnt="B9E4E038-2B8A-2BA2-B094-F8B5B3BABDCD">
</CM>
<CM id="5A6412AC-06C98FA10CCFB074A160-528D4FFAFFB4" iT="4" lID="5A6412AC-C796-D10B-FF98-06C98FA10CCF" lT="9" rID="B074A160-B5D0-8E89-4DFE-528D4FFAFFB4" rT="8">
</CM>
<CM id="61CE7A3E-B1BA7DE3F1E979A1B88C-F92C5E6F8AF0" lID="61CE7A3E-BE1A-27CE-3E0A-B1BA7DE3F1E9" lT="3" rID="79A1B88C-A0FF-0F05-8C26-F92C5E6F8AF0" rT="8" rSEnt="E946EE9B-ACD3-54F6-EEF2-A039A9119A7B" rTEnt="383DDD23-9DFA-3FD0-2185-EB90225AF3E3">
</CM>
<CM id="662080E2-CB98DEDD133D10DD0BE5-574AEB8AC32F" lID="662080E2-28CE-7E3A-B7CF-CB98DEDD133D" lT="3" rID="10DD0BE5-5DAA-7998-C3D0-574AEB8AC32F" rT="8" rSEnt="98A5A7AF-4361-DB10-5302-06570AAE72D7" rTEnt="383DDD23-9DFA-3FD0-2185-EB90225AF3E3">
</CM>
<CM id="BDF3D4E5-185185646222FE62487F-D4ED6DA0D0BA" iT="4" lID="BDF3D4E5-C828-B72F-8D67-185185646222" lT="9" rID="FE62487F-457E-6B6E-392B-D4ED6DA0D0BA" rT="8">
</CM>
<CM id="C742B860-E303337CC965B154E726-F4993842F4E1" iT="4" lID="C742B860-0573-9ECD-E7E9-E303337CC965" lT="9" rID="B154E726-384E-A78C-462D-F4993842F4E1" rT="8">
</CM>
<CM id="CDCB7B05-E9D0EF7D7D86F30AAFC1-D20BD8F0169F" iT="4" lID="CDCB7B05-8891-11B0-BC1F-E9D0EF7D7D86" lT="9" rID="F30AAFC1-7C69-B30F-2865-D20BD8F0169F" rT="8">
</CM>
<CM id="F3DA0B70-C5922197AFB111B57676-D26287F1D27A" iT="3" lID="F3DA0B70-7396-1492-126D-C5922197AFB1" lT="3" rID="11B57676-1BA1-40B8-E84A-D26287F1D27A" rT="8" rSEnt="3FEDD752-A78A-367E-638A-5CC48E5C6BD0" rTEnt="B9E4E038-2B8A-2BA2-B094-F8B5B3BABDCD">
</CM>
<CM id="660204DC-1BBC9775D56F63D88D78-CA3017554715" lID="660204DC-B502-A2F3-6CF9-1BBC9775D56F" rID="63D88D78-2F09-5DCD-599E-CA3017554715">
<containedMappings itemClass="oracle.dbtools.crest.model.xtdmapping.RelMapping">
<Mg id="660204DC-1BBC9775D56F63D88D78-CA3017554715" iT="3" logConID="3FEDD752-A78A-367E-638A-5CC48E5C6BD0" lID="660204DC-B502-A2F3-6CF9-1BBC9775D56F" rID="63D88D78-2F09-5DCD-599E-CA3017554715">
</Mg>
<Mg id="B3C40464-D088ABA1990D4953B0BE-4DE28C220F34" iT="3" logConID="3FEDD752-A78A-367E-638A-5CC48E5C6BD0" lID="B3C40464-9330-475D-AFB9-D088ABA1990D" lT="2" rID="4953B0BE-8B99-A0C8-C2B5-4DE28C220F34" rT="7">
</Mg>
</containedMappings>
</CM>
<CM id="660204DC-1BBC9775D56F2F86F538-1AC4A420BFF3" lID="660204DC-B502-A2F3-6CF9-1BBC9775D56F" rID="2F86F538-5037-A013-0FE0-1AC4A420BFF3">
<containedMappings itemClass="oracle.dbtools.crest.model.xtdmapping.RelMapping">
<Mg id="660204DC-1BBC9775D56F2F86F538-1AC4A420BFF3" iT="3" logConID="3FEDD752-A78A-367E-638A-5CC48E5C6BD0" lID="660204DC-B502-A2F3-6CF9-1BBC9775D56F" rID="2F86F538-5037-A013-0FE0-1AC4A420BFF3">
</Mg>
<Mg id="B3C40464-D088ABA1990DBD5C1156-5921B064D3D2" iT="3" logConID="3FEDD752-A78A-367E-638A-5CC48E5C6BD0" lID="B3C40464-9330-475D-AFB9-D088ABA1990D" lT="2" rID="BD5C1156-1017-EF36-9D32-5921B064D3D2" rT="7">
</Mg>
</containedMappings>
</CM>
<CM id="660204DC-1BBC9775D56FEECDDBD4-13CADD624BF1" lID="660204DC-B502-A2F3-6CF9-1BBC9775D56F" rID="EECDDBD4-21F9-C492-D275-13CADD624BF1">
<containedMappings itemClass="oracle.dbtools.crest.model.xtdmapping.RelMapping">
<Mg id="660204DC-1BBC9775D56FEECDDBD4-13CADD624BF1" iT="3" logConID="3FEDD752-A78A-367E-638A-5CC48E5C6BD0" lID="660204DC-B502-A2F3-6CF9-1BBC9775D56F" rID="EECDDBD4-21F9-C492-D275-13CADD624BF1">
</Mg>
<Mg id="B3C40464-D088ABA1990D7A91B762-CE8414A7596A" iT="3" logConID="3FEDD752-A78A-367E-638A-5CC48E5C6BD0" lID="B3C40464-9330-475D-AFB9-D088ABA1990D" lT="2" rID="7A91B762-FE30-A138-3C62-CE8414A7596A" rT="7">
</Mg>
</containedMappings>
</CM>
<CM id="660204DC-1BBC9775D56F4683990B-114A918D3924" lID="660204DC-B502-A2F3-6CF9-1BBC9775D56F" rID="4683990B-1CCC-B775-3699-114A918D3924">
<containedMappings itemClass="oracle.dbtools.crest.model.xtdmapping.RelMapping">
<Mg id="660204DC-1BBC9775D56F4683990B-114A918D3924" iT="3" logConID="3FEDD752-A78A-367E-638A-5CC48E5C6BD0" lID="660204DC-B502-A2F3-6CF9-1BBC9775D56F" rID="4683990B-1CCC-B775-3699-114A918D3924">
</Mg>
<Mg id="B3C40464-D088ABA1990D909221AC-35EECC3A6DEC" iT="3" logConID="3FEDD752-A78A-367E-638A-5CC48E5C6BD0" lID="B3C40464-9330-475D-AFB9-D088ABA1990D" lT="2" rID="909221AC-5062-3AF9-CA7D-35EECC3A6DEC" rT="7">
</Mg>
</containedMappings>
</CM>
<CM id="660204DC-1BBC9775D56FBD8E1697-2EDB9988CEB5" lID="660204DC-B502-A2F3-6CF9-1BBC9775D56F" rID="BD8E1697-22A3-0D39-2AA8-2EDB9988CEB5">
<containedMappings itemClass="oracle.dbtools.crest.model.xtdmapping.RelMapping">
<Mg id="660204DC-1BBC9775D56FBD8E1697-2EDB9988CEB5" iT="3" logConID="3FEDD752-A78A-367E-638A-5CC48E5C6BD0" lID="660204DC-B502-A2F3-6CF9-1BBC9775D56F" rID="BD8E1697-22A3-0D39-2AA8-2EDB9988CEB5">
</Mg>
<Mg id="B3C40464-D088ABA1990DCFB12B11-C6EF2EB97A8B" iT="3" logConID="3FEDD752-A78A-367E-638A-5CC48E5C6BD0" lID="B3C40464-9330-475D-AFB9-D088ABA1990D" lT="2" rID="CFB12B11-CB1F-E529-ED03-C6EF2EB97A8B" rT="7">
</Mg>
</containedMappings>
</CM>
<CM id="660204DC-1BBC9775D56F189946B4-58D2D41EF646" lID="660204DC-B502-A2F3-6CF9-1BBC9775D56F" rID="189946B4-4E80-88A9-624C-58D2D41EF646">
<containedMappings itemClass="oracle.dbtools.crest.model.xtdmapping.RelMapping">
<Mg id="660204DC-1BBC9775D56F189946B4-58D2D41EF646" iT="3" logConID="3FEDD752-A78A-367E-638A-5CC48E5C6BD0" lID="660204DC-B502-A2F3-6CF9-1BBC9775D56F" rID="189946B4-4E80-88A9-624C-58D2D41EF646">
</Mg>
<Mg id="B3C40464-D088ABA1990DBA95ED47-364F1966CB7A" iT="3" logConID="3FEDD752-A78A-367E-638A-5CC48E5C6BD0" lID="B3C40464-9330-475D-AFB9-D088ABA1990D" lT="2" rID="BA95ED47-D008-97AC-BF2D-364F1966CB7A" rT="7">
</Mg>
</containedMappings>
</CM>
</mappings>
</RMExtendedMap>