<?xml version = '1.0' encoding = 'UTF-8'?>
<FKIndexAssociation class="oracle.dbtools.crest.model.design.relational.FKIndexAssociation" directorySegmentName="seg_0" id="10DD0BE5-5DAA-7998-C3D0-574AEB8AC32F" containerWithKeyObject="C8BAF2F4-1195-852B-3BB6-7D971B85602D" localFKIndex="7B4842E2-7B31-951C-BC13-3B2DD7CD00AE" name="seat_diner_FK">
<createdBy>leonardoray</createdBy>
<createdTime>2016-04-11 10:04:09 UTC</createdTime>
<generatorID>662080E2-28CE-7E3A-B7CF-CB98DEDD133D</generatorID>
<ownerDesignName>a1-rklay1-26445549</ownerDesignName>
<deleteRule>NO ACTION</deleteRule>
<referredTableID>5672A89E-066C-9DE0-D429-B19D478F2C28</referredTableID>
<keyObject>16B1A40A-9EED-E35F-7156-1ACFD9F27F7B</keyObject>
<referredKeyID>16B1A40A-9EED-E35F-7156-1ACFD9F27F7B</referredKeyID>
<mandatory>true</mandatory>
<transferable>true</transferable>
<rely>false</rely>
<columnDependencyConstraintGenerateInDDL>true</columnDependencyConstraintGenerateInDDL>
</FKIndexAssociation>