<?xml version = '1.0' encoding = 'UTF-8'?>
<FKIndexAssociation class="oracle.dbtools.crest.model.design.relational.FKIndexAssociation" directorySegmentName="seg_0" id="11B57676-1BA1-40B8-E84A-D26287F1D27A" containerWithKeyObject="E0603627-4F6F-80FD-CAAB-6D0ADBEA5CE7" localFKIndex="E1E2EB29-CEBE-B754-DFBC-209A7302C1E7" name="diner_food_item_FK">
<createdBy>leonardoray</createdBy>
<createdTime>2016-04-11 10:04:09 UTC</createdTime>
<generatorID>F3DA0B70-7396-1492-126D-C5922197AFB1</generatorID>
<ownerDesignName>a1-rklay1-26445549</ownerDesignName>
<deleteRule>NO ACTION</deleteRule>
<referredTableID>DE4F013A-DD5E-F6DC-93EE-CEEF83FE81C0</referredTableID>
<keyObject>62D0C0BB-460C-D528-2463-44EFBF2D82E0</keyObject>
<referredKeyID>62D0C0BB-460C-D528-2463-44EFBF2D82E0</referredKeyID>
<mandatory>true</mandatory>
<transferable>true</transferable>
<rely>false</rely>
<columnDependencyConstraintGenerateInDDL>true</columnDependencyConstraintGenerateInDDL>
</FKIndexAssociation>