<?xml version = '1.0' encoding = 'UTF-8'?>
<FKIndexAssociation class="oracle.dbtools.crest.model.design.relational.FKIndexAssociation" directorySegmentName="seg_0" id="617E0A1B-3D5E-FA63-C521-7D6445D7BA8F" containerWithKeyObject="E0603627-4F6F-80FD-CAAB-6D0ADBEA5CE7" localFKIndex="5822D987-9E6C-1AB3-C755-710FBACB5A38" name="food_item_diner_FK">
<createdBy>leonardoray</createdBy>
<createdTime>2016-04-11 10:04:09 UTC</createdTime>
<generatorID>3AD49401-61F8-AA12-45B3-7313B20A0BC2</generatorID>
<ownerDesignName>a1-rklay1-26445549</ownerDesignName>
<deleteRule>NO ACTION</deleteRule>
<referredTableID>5672A89E-066C-9DE0-D429-B19D478F2C28</referredTableID>
<keyObject>16B1A40A-9EED-E35F-7156-1ACFD9F27F7B</keyObject>
<referredKeyID>16B1A40A-9EED-E35F-7156-1ACFD9F27F7B</referredKeyID>
<mandatory>true</mandatory>
<transferable>true</transferable>
<rely>false</rely>
<columnDependencyConstraintGenerateInDDL>true</columnDependencyConstraintGenerateInDDL>
</FKIndexAssociation>