<?xml version = '1.0' encoding = 'UTF-8'?>
<FKIndexAssociation class="oracle.dbtools.crest.model.design.relational.FKIndexAssociation" directorySegmentName="seg_0" id="79A1B88C-A0FF-0F05-8C26-F92C5E6F8AF0" containerWithKeyObject="C8BAF2F4-1195-852B-3BB6-7D971B85602D" localFKIndex="598D1110-C8A2-D664-A821-3A7C449C984A" name="seat_tables_FK">
<createdBy>leonardoray</createdBy>
<createdTime>2016-04-11 10:04:09 UTC</createdTime>
<generatorID>61CE7A3E-BE1A-27CE-3E0A-B1BA7DE3F1E9</generatorID>
<ownerDesignName>a1-rklay1-26445549</ownerDesignName>
<deleteRule>NO ACTION</deleteRule>
<referredTableID>A1279CD3-175F-55D8-CD1A-F4D84048DEA2</referredTableID>
<keyObject>410F7997-FB22-C3A4-796D-D68FC726E4F9</keyObject>
<referredKeyID>410F7997-FB22-C3A4-796D-D68FC726E4F9</referredKeyID>
<mandatory>true</mandatory>
<transferable>true</transferable>
<rely>false</rely>
<columnDependencyConstraintGenerateInDDL>true</columnDependencyConstraintGenerateInDDL>
</FKIndexAssociation>