<?xml version = '1.0' encoding = 'UTF-8'?>
<FKIndexAssociation class="oracle.dbtools.crest.model.design.relational.FKIndexAssociation" directorySegmentName="seg_0" id="88B063A6-A12F-8689-DC2E-A4EF55D375DA" containerWithKeyObject="5911A6BE-0642-A8BE-4D3C-EA31C06DE39B" localFKIndex="6ABA36DC-7632-866B-2E34-4A0098F9CD1F" name="small_main_FK">
<createdBy>leonardoray</createdBy>
<createdTime>2016-04-11 10:04:09 UTC</createdTime>
<generatorID>166FDD60-91FD-8D34-232B-B96A028FC5CA</generatorID>
<ownerDesignName>a1-rklay1-26445549</ownerDesignName>
<deleteRule>NO ACTION</deleteRule>
<referredTableID>6DEFD34F-3F90-4E54-698D-A7337DBB377B</referredTableID>
<keyObject>CFB12B11-CB1F-E529-ED03-C6EF2EB97A8B</keyObject>
<referredKeyID>CFB12B11-CB1F-E529-ED03-C6EF2EB97A8B</referredKeyID>
<mandatory>true</mandatory>
<transferable>true</transferable>
<rely>false</rely>
<columnDependencyConstraintGenerateInDDL>true</columnDependencyConstraintGenerateInDDL>
</FKIndexAssociation>