<?xml version = '1.0' encoding = 'UTF-8'?>
<FKIndexAssociation class="oracle.dbtools.crest.model.design.relational.FKIndexAssociation" directorySegmentName="seg_0" id="B074A160-B5D0-8E89-4DFE-528D4FFAFFB4" containerWithKeyObject="2653A665-B54B-E7E5-E336-6D6D1422C92B" localFKIndex="0D917CFC-1646-6D9B-FE2D-D747A8B270B4" name="dessert_food_item_FK">
<createdBy>leonardoray</createdBy>
<createdTime>2016-04-11 10:04:09 UTC</createdTime>
<generatorID>5A6412AC-C796-D10B-FF98-06C98FA10CCF</generatorID>
<ownerDesignName>a1-rklay1-26445549</ownerDesignName>
<arc>B417A9F4-E5D1-41D6-6AC7-FE5D9C77AF97</arc>
<deleteRule>NO ACTION</deleteRule>
<referredTableID>DE4F013A-DD5E-F6DC-93EE-CEEF83FE81C0</referredTableID>
<keyObject>62D0C0BB-460C-D528-2463-44EFBF2D82E0</keyObject>
<referredKeyID>62D0C0BB-460C-D528-2463-44EFBF2D82E0</referredKeyID>
<mandatory>true</mandatory>
<transferable>true</transferable>
<rely>false</rely>
<discriminatorValue>D</discriminatorValue>
<columnDependencyConstraintGenerateInDDL>true</columnDependencyConstraintGenerateInDDL>
</FKIndexAssociation>