<?xml version = '1.0' encoding = 'UTF-8'?>
<FKIndexAssociation class="oracle.dbtools.crest.model.design.relational.FKIndexAssociation" directorySegmentName="seg_0" id="B154E726-384E-A78C-462D-F4993842F4E1" containerWithKeyObject="CF7DEE78-3014-B330-D960-6853E3981610" localFKIndex="DE0ED1B6-0651-39FA-436F-E08A9F081F36" name="beverage_food_item_FK">
<createdBy>leonardoray</createdBy>
<createdTime>2016-04-11 10:04:09 UTC</createdTime>
<generatorID>C742B860-0573-9ECD-E7E9-E303337CC965</generatorID>
<ownerDesignName>a1-rklay1-26445549</ownerDesignName>
<arc>B417A9F4-E5D1-41D6-6AC7-FE5D9C77AF97</arc>
<deleteRule>NO ACTION</deleteRule>
<referredTableID>DE4F013A-DD5E-F6DC-93EE-CEEF83FE81C0</referredTableID>
<keyObject>62D0C0BB-460C-D528-2463-44EFBF2D82E0</keyObject>
<referredKeyID>62D0C0BB-460C-D528-2463-44EFBF2D82E0</referredKeyID>
<mandatory>true</mandatory>
<transferable>true</transferable>
<rely>false</rely>
<discriminatorValue>B</discriminatorValue>
<columnDependencyConstraintGenerateInDDL>true</columnDependencyConstraintGenerateInDDL>
</FKIndexAssociation>