<?xml version = '1.0' encoding = 'UTF-8'?>
<FKIndexAssociation class="oracle.dbtools.crest.model.design.relational.FKIndexAssociation" directorySegmentName="seg_0" id="C1A507A1-8B03-AFBE-4A04-5506E9E031AF" containerWithKeyObject="D5D0E8CD-37E3-01B6-2BF4-D6A0A8639546" localFKIndex="A1E0E073-6BA3-382B-263B-7924B3200C18" name="large_main_FK">
<createdBy>leonardoray</createdBy>
<createdTime>2016-04-11 10:04:09 UTC</createdTime>
<generatorID>1A00F218-E09B-E7FC-D155-7AB44063BB9F</generatorID>
<ownerDesignName>a1-rklay1-26445549</ownerDesignName>
<deleteRule>NO ACTION</deleteRule>
<referredTableID>6DEFD34F-3F90-4E54-698D-A7337DBB377B</referredTableID>
<keyObject>CFB12B11-CB1F-E529-ED03-C6EF2EB97A8B</keyObject>
<referredKeyID>CFB12B11-CB1F-E529-ED03-C6EF2EB97A8B</referredKeyID>
<mandatory>true</mandatory>
<transferable>true</transferable>
<rely>false</rely>
<columnDependencyConstraintGenerateInDDL>true</columnDependencyConstraintGenerateInDDL>
</FKIndexAssociation>