<?xml version = '1.0' encoding = 'UTF-8'?>
<FKIndexAssociation class="oracle.dbtools.crest.model.design.relational.FKIndexAssociation" directorySegmentName="seg_0" id="F30AAFC1-7C69-B30F-2865-D20BD8F0169F" containerWithKeyObject="6DEFD34F-3F90-4E54-698D-A7337DBB377B" localFKIndex="18B9F05F-C3D1-A669-2C4F-30046C4D0507" name="main_food_item_FK">
<createdBy>leonardoray</createdBy>
<createdTime>2016-04-11 10:04:09 UTC</createdTime>
<generatorID>CDCB7B05-8891-11B0-BC1F-E9D0EF7D7D86</generatorID>
<ownerDesignName>a1-rklay1-26445549</ownerDesignName>
<arc>B417A9F4-E5D1-41D6-6AC7-FE5D9C77AF97</arc>
<deleteRule>NO ACTION</deleteRule>
<referredTableID>DE4F013A-DD5E-F6DC-93EE-CEEF83FE81C0</referredTableID>
<keyObject>62D0C0BB-460C-D528-2463-44EFBF2D82E0</keyObject>
<referredKeyID>62D0C0BB-460C-D528-2463-44EFBF2D82E0</referredKeyID>
<mandatory>true</mandatory>
<transferable>true</transferable>
<rely>false</rely>
<discriminatorValue>M</discriminatorValue>
<columnDependencyConstraintGenerateInDDL>true</columnDependencyConstraintGenerateInDDL>
</FKIndexAssociation>