<?xml version = '1.0' encoding = 'UTF-8'?>
<FKIndexAssociation class="oracle.dbtools.crest.model.design.relational.FKIndexAssociation" directorySegmentName="seg_0" id="FE62487F-457E-6B6E-392B-D4ED6DA0D0BA" containerWithKeyObject="05421435-7143-7414-8E0D-C3BAC0AA0FCF" localFKIndex="5301ADD9-BE76-7455-235D-3D8BC85428AA" name="entree_food_item_FK">
<createdBy>leonardoray</createdBy>
<createdTime>2016-04-11 10:04:09 UTC</createdTime>
<generatorID>BDF3D4E5-C828-B72F-8D67-185185646222</generatorID>
<ownerDesignName>a1-rklay1-26445549</ownerDesignName>
<arc>B417A9F4-E5D1-41D6-6AC7-FE5D9C77AF97</arc>
<deleteRule>NO ACTION</deleteRule>
<referredTableID>DE4F013A-DD5E-F6DC-93EE-CEEF83FE81C0</referredTableID>
<keyObject>62D0C0BB-460C-D528-2463-44EFBF2D82E0</keyObject>
<referredKeyID>62D0C0BB-460C-D528-2463-44EFBF2D82E0</referredKeyID>
<mandatory>true</mandatory>
<transferable>true</transferable>
<rely>false</rely>
<discriminatorValue>E</discriminatorValue>
<columnDependencyConstraintGenerateInDDL>true</columnDependencyConstraintGenerateInDDL>
</FKIndexAssociation>