<?xml version = '1.0' encoding = 'UTF-8'?>
<Relation class="oracle.dbtools.crest.model.design.logical.Relation" name="diner_food_item" directorySegmentName="seg_0" id="3AD49401-61F8-AA12-45B3-7313B20A0BC2">
<createdBy>leonardoray</createdBy>
<createdTime>2016-04-11 09:20:43 UTC</createdTime>
<ownerDesignName>a1-rklay1-26445549</ownerDesignName>
<engineerTo>
<item key="161C6AA5-27D9-919F-4877-76E4F6385CBE" value="true"/>
</engineerTo>
<sourcePk>91617A4D-D572-6D61-8D2B-A933D4919188</sourcePk>
<identifying>false</identifying>
<optionalSource>false</optionalSource>
<optionalTarget>false</optionalTarget>
<sourceCardinality>1</sourceCardinality>
<sourceEntity>98A5A7AF-4361-DB10-5302-06570AAE72D7</sourceEntity>
<targetCardinalityString>*</targetCardinalityString>
<targetEntity>B9E4E038-2B8A-2BA2-B094-F8B5B3BABDCD</targetEntity>
<transferable>true</transferable>
<deleteRule>NO ACTION</deleteRule>
</Relation>