<?xml version = '1.0' encoding = 'UTF-8'?>
<Relation class="oracle.dbtools.crest.model.design.logical.Relation" name="tables_seat" directorySegmentName="seg_0" id="61CE7A3E-BE1A-27CE-3E0A-B1BA7DE3F1E9">
<createdBy>leonardoray</createdBy>
<createdTime>2016-03-28 04:51:15 UTC</createdTime>
<ownerDesignName>a1-rklay1-26445549</ownerDesignName>
<engineerTo>
<item key="161C6AA5-27D9-919F-4877-76E4F6385CBE" value="true"/>
</engineerTo>
<sourcePk>45297242-3564-09B2-CBAE-2F7C6DECF608</sourcePk>
<identifying>true</identifying>
<optionalSource>false</optionalSource>
<optionalTarget>false</optionalTarget>
<sourceCardinality>1</sourceCardinality>
<sourceEntity>E946EE9B-ACD3-54F6-EEF2-A039A9119A7B</sourceEntity>
<targetCardinalityString>*</targetCardinalityString>
<targetEntity>383DDD23-9DFA-3FD0-2185-EB90225AF3E3</targetEntity>
<transferable>true</transferable>
<deleteRule>NO ACTION</deleteRule>
</Relation>