<?xml version = '1.0' encoding = 'UTF-8'?>
<Relation class="oracle.dbtools.crest.model.design.logical.Relation" name="diner_seat" directorySegmentName="seg_0" id="662080E2-28CE-7E3A-B7CF-CB98DEDD133D">
<createdBy>leonardoray</createdBy>
<createdTime>2016-03-28 04:51:25 UTC</createdTime>
<ownerDesignName>a1-rklay1-26445549</ownerDesignName>
<engineerTo>
<item key="161C6AA5-27D9-919F-4877-76E4F6385CBE" value="true"/>
</engineerTo>
<sourcePk>91617A4D-D572-6D61-8D2B-A933D4919188</sourcePk>
<identifying>true</identifying>
<optionalSource>false</optionalSource>
<optionalTarget>false</optionalTarget>
<sourceCardinality>1</sourceCardinality>
<sourceEntity>98A5A7AF-4361-DB10-5302-06570AAE72D7</sourceEntity>
<targetCardinalityString>*</targetCardinalityString>
<targetEntity>383DDD23-9DFA-3FD0-2185-EB90225AF3E3</targetEntity>
<transferable>true</transferable>
<deleteRule>NO ACTION</deleteRule>
</Relation>