<?xml version = '1.0' encoding = 'UTF-8'?>
<Relation class="oracle.dbtools.crest.model.design.logical.Relation" name="food_item_diner" directorySegmentName="seg_0" id="F3DA0B70-7396-1492-126D-C5922197AFB1">
<createdBy>leonardoray</createdBy>
<createdTime>2016-03-28 06:06:56 UTC</createdTime>
<ownerDesignName>a1-rklay1-26445549</ownerDesignName>
<engineerTo>
<item key="161C6AA5-27D9-919F-4877-76E4F6385CBE" value="true"/>
</engineerTo>
<sourcePk>B3C40464-9330-475D-AFB9-D088ABA1990D</sourcePk>
<identifying>false</identifying>
<optionalSource>false</optionalSource>
<optionalTarget>false</optionalTarget>
<sourceCardinality>1</sourceCardinality>
<sourceEntity>3FEDD752-A78A-367E-638A-5CC48E5C6BD0</sourceEntity>
<targetCardinalityString>*</targetCardinalityString>
<targetEntity>B9E4E038-2B8A-2BA2-B094-F8B5B3BABDCD</targetEntity>
<transferable>true</transferable>
<deleteRule>NO ACTION</deleteRule>
</Relation>