<?xml version = '1.0' encoding = 'UTF-8'?>
<InheritanceRelation class="oracle.dbtools.crest.model.design.logical.InheritanceRelation" name="Hierarchy_7" directorySegmentName="seg_0" id="5A6412AC-C796-D10B-FF98-06C98FA10CCF">
<createdBy>leonardoray</createdBy>
<createdTime>2016-03-28 08:14:19 UTC</createdTime>
<ownerDesignName>a1-rklay1-26445549</ownerDesignName>
<engineerTo>
<item key="161C6AA5-27D9-919F-4877-76E4F6385CBE" value="true"/>
</engineerTo>
<identifying>false</identifying>
<nameOnSource>Super Type</nameOnSource>
<nameOnTarget>Sub Type</nameOnTarget>
<optionalSource>true</optionalSource>
<optionalTarget>true</optionalTarget>
<sourceEntity>3FEDD752-A78A-367E-638A-5CC48E5C6BD0</sourceEntity>
<targetEntity>0A64D63F-B783-3C7E-CFB4-E3562390C507</targetEntity>
<transferable>true</transferable>
<deleteRule>NO ACTION</deleteRule>
</InheritanceRelation>