<?xml version = '1.0' encoding = 'UTF-8'?>
<Diagram class="oracle.dbtools.crest.swingui.relational.DPVRelational" name="Relational_1" id="6D7A27FE-1674-4FA0-0E4B-61E175722A54">
<createdBy>leonardoray</createdBy>
<modifiedBy>leonardoray</modifiedBy>
<createdTime>2016-03-28 00:38:09 UTC</createdTime>
<autoRoute>false</autoRoute>
<boxInbox>true</boxInbox>
<showLegend>true</showLegend>
<showLabels>false</showLabels>
<showRelAttributes>false</showRelAttributes>
<gridEnabled>false</gridEnabled>
<showGrid>false</showGrid>
<diagramColor>-1</diagramColor>
<display>false</display>
<notation>1</notation>
<objectViews>
<OView class="oracle.dbtools.crest.swingui.relational.TVTable" oid="05421435-7143-7414-8E0D-C3BAC0AA0FCF" otype="Table" vid="87D8B1B8-3444-3A64-58A5-E46FA5135F8A">
<hideElementsInCurrentOnly>false</hideElementsInCurrentOnly>
<bounds x="379" y="737" width="222" height="94"/>
</OView>
<OView class="oracle.dbtools.crest.swingui.relational.TVTable" oid="2653A665-B54B-E7E5-E336-6D6D1422C92B" otype="Table" vid="DC8E7461-F1A5-62D5-BD7A-E05EAA376511">
<hideElementsInCurrentOnly>false</hideElementsInCurrentOnly>
<bounds x="974" y="745" width="227" height="94"/>
</OView>
<OView class="oracle.dbtools.crest.swingui.relational.TVTable" oid="5672A89E-066C-9DE0-D429-B19D478F2C28" otype="Table" vid="A48466B3-5E1E-4C79-2E1D-0DC9507A3434">
<hideElementsInCurrentOnly>false</hideElementsInCurrentOnly>
<bounds x="607" y="220" width="169" height="60"/>
</OView>
<OView class="oracle.dbtools.crest.swingui.relational.TVTable" oid="5911A6BE-0642-A8BE-4D3C-EA31C06DE39B" otype="Table" vid="F28EE491-82C1-1F03-DF2C-AE7FE0C32202">
<hideElementsInCurrentOnly>false</hideElementsInCurrentOnly>
<bounds x="491" y="963" width="254" height="108"/>
</OView>
<OView class="oracle.dbtools.crest.swingui.TVLegend" oid="5C3BAD75-B092-F584-3737-19B7F7593521" otype="Legend" vid="EADEB1B8-6E49-1937-D3A4-BE2AE23A8542">
<hideElementsInCurrentOnly>false</hideElementsInCurrentOnly>
<bounds x="10" y="10" width="257" height="135"/>
</OView>
<OView class="oracle.dbtools.crest.swingui.relational.TVTable" oid="6DEFD34F-3F90-4E54-698D-A7337DBB377B" otype="Table" vid="C504F358-A14B-53B4-2893-20AD2BBC10E8">
<hideElementsInCurrentOnly>false</hideElementsInCurrentOnly>
<bounds x="644" y="720" width="238" height="136"/>
</OView>
<OView class="oracle.dbtools.crest.swingui.relational.TVTable" oid="A1279CD3-175F-55D8-CD1A-F4D84048DEA2" otype="Table" vid="4956DC27-019D-9763-88DD-C413EDAC5D74">
<hideElementsInCurrentOnly>false</hideElementsInCurrentOnly>
<bounds x="280" y="53" width="235" height="88"/>
</OView>
<OView class="oracle.dbtools.crest.swingui.relational.TVTable" oid="C8BAF2F4-1195-852B-3BB6-7D971B85602D" otype="Table" vid="1EB94C20-0527-776E-BD1D-8CAA6A113D0B">
<hideElementsInCurrentOnly>false</hideElementsInCurrentOnly>
<bounds x="563" y="47" width="247" height="122"/>
</OView>
<OView class="oracle.dbtools.crest.swingui.relational.TVTable" oid="CF7DEE78-3014-B330-D960-6853E3981610" otype="Table" vid="711764B0-F1C3-0DE2-6E11-6AE65B7545A7">
<hideElementsInCurrentOnly>false</hideElementsInCurrentOnly>
<bounds x="108" y="738" width="236" height="94"/>
</OView>
<OView class="oracle.dbtools.crest.swingui.relational.TVTable" oid="D5D0E8CD-37E3-01B6-2BF4-D6A0A8639546" otype="Table" vid="B07528E2-BEFD-1931-9522-6B38DC951AA2">
<hideElementsInCurrentOnly>false</hideElementsInCurrentOnly>
<bounds x="785" y="961" width="253" height="108"/>
</OView>
<OView class="oracle.dbtools.crest.swingui.relational.TVTable" oid="DE4F013A-DD5E-F6DC-93EE-CEEF83FE81C0" otype="Table" vid="6956B1D7-5F3F-4CE9-4204-DA073CFC3B6D">
<hideElementsInCurrentOnly>false</hideElementsInCurrentOnly>
<bounds x="546" y="513" width="268" height="130"/>
</OView>
<OView class="oracle.dbtools.crest.swingui.relational.TVTable" oid="E0603627-4F6F-80FD-CAAB-6D0ADBEA5CE7" otype="Table" vid="F273B0BD-3321-AAEE-807F-28C914510B17">
<hideElementsInCurrentOnly>false</hideElementsInCurrentOnly>
<bounds x="558" y="330" width="270" height="136"/>
</OView>
</objectViews>
<connectors>
<Connector class="oracle.dbtools.crest.swingui.relational.TVFKRelation" oid="10DD0BE5-5DAA-7998-C3D0-574AEB8AC32F" otype="FKIndexAssociation" vid_source="A48466B3-5E1E-4C79-2E1D-0DC9507A3434" vid_target="1EB94C20-0527-776E-BD1D-8CAA6A113D0B">
<hideElementsInCurrentOnly>false</hideElementsInCurrentOnly>
<lineWidth>1</lineWidth>
<points>
<point x="691" y="220"/>
<point x="691" y="169"/>
</points>
</Connector>
<Connector class="oracle.dbtools.crest.swingui.relational.TVFKRelation" oid="11B57676-1BA1-40B8-E84A-D26287F1D27A" otype="FKIndexAssociation" vid_source="6956B1D7-5F3F-4CE9-4204-DA073CFC3B6D" vid_target="F273B0BD-3321-AAEE-807F-28C914510B17">
<hideElementsInCurrentOnly>false</hideElementsInCurrentOnly>
<lineWidth>1</lineWidth>
<points>
<point x="686" y="513"/>
<point x="686" y="466"/>
</points>
</Connector>
<Connector class="oracle.dbtools.crest.swingui.relational.TVFKRelation" oid="617E0A1B-3D5E-FA63-C521-7D6445D7BA8F" otype="FKIndexAssociation" vid_source="A48466B3-5E1E-4C79-2E1D-0DC9507A3434" vid_target="F273B0BD-3321-AAEE-807F-28C914510B17">
<hideElementsInCurrentOnly>false</hideElementsInCurrentOnly>
<lineWidth>1</lineWidth>
<points>
<point x="691" y="280"/>
<point x="691" y="330"/>
</points>
</Connector>
<Connector class="oracle.dbtools.crest.swingui.relational.TVFKRelation" oid="79A1B88C-A0FF-0F05-8C26-F92C5E6F8AF0" otype="FKIndexAssociation" vid_source="4956DC27-019D-9763-88DD-C413EDAC5D74" vid_target="1EB94C20-0527-776E-BD1D-8CAA6A113D0B">
<hideElementsInCurrentOnly>false</hideElementsInCurrentOnly>
<lineWidth>1</lineWidth>
<points>
<point x="515" y="97"/>
<point x="563" y="97"/>
</points>
</Connector>
<Connector class="oracle.dbtools.crest.swingui.relational.TVFKRelation" oid="88B063A6-A12F-8689-DC2E-A4EF55D375DA" otype="FKIndexAssociation" vid_source="C504F358-A14B-53B4-2893-20AD2BBC10E8" vid_target="F28EE491-82C1-1F03-DF2C-AE7FE0C32202">
<hideElementsInCurrentOnly>false</hideElementsInCurrentOnly>
<lineWidth>1</lineWidth>
<points>
<point x="694" y="856"/>
<point x="694" y="963"/>
</points>
</Connector>
<Connector class="oracle.dbtools.crest.swingui.relational.TVFKRelation" oid="B074A160-B5D0-8E89-4DFE-528D4FFAFFB4" otype="FKIndexAssociation" vid_source="6956B1D7-5F3F-4CE9-4204-DA073CFC3B6D" vid_target="DC8E7461-F1A5-62D5-BD7A-E05EAA376511">
<hideElementsInCurrentOnly>false</hideElementsInCurrentOnly>
<lineWidth>1</lineWidth>
<points>
<point x="814" y="624"/>
<point x="1044" y="624"/>
<point x="1044" y="745"/>
</points>
</Connector>
<Connector class="oracle.dbtools.crest.swingui.relational.TVFKRelation" oid="B154E726-384E-A78C-462D-F4993842F4E1" otype="FKIndexAssociation" vid_source="6956B1D7-5F3F-4CE9-4204-DA073CFC3B6D" vid_target="711764B0-F1C3-0DE2-6E11-6AE65B7545A7">
<hideElementsInCurrentOnly>false</hideElementsInCurrentOnly>
<lineWidth>1</lineWidth>
<points>
<point x="546" y="618"/>
<point x="224" y="618"/>
<point x="224" y="738"/>
</points>
</Connector>
<Connector class="oracle.dbtools.crest.swingui.relational.TVFKRelation" oid="C1A507A1-8B03-AFBE-4A04-5506E9E031AF" otype="FKIndexAssociation" vid_source="C504F358-A14B-53B4-2893-20AD2BBC10E8" vid_target="B07528E2-BEFD-1931-9522-6B38DC951AA2">
<hideElementsInCurrentOnly>false</hideElementsInCurrentOnly>
<lineWidth>1</lineWidth>
<points>
<point x="833" y="856"/>
<point x="833" y="961"/>
</points>
</Connector>
<Connector class="oracle.dbtools.crest.swingui.relational.TVFKRelation" oid="F30AAFC1-7C69-B30F-2865-D20BD8F0169F" otype="FKIndexAssociation" vid_source="6956B1D7-5F3F-4CE9-4204-DA073CFC3B6D" vid_target="C504F358-A14B-53B4-2893-20AD2BBC10E8">
<hideElementsInCurrentOnly>false</hideElementsInCurrentOnly>
<lineWidth>1</lineWidth>
<points>
<point x="729" y="643"/>
<point x="729" y="720"/>
</points>
</Connector>
<Connector class="oracle.dbtools.crest.swingui.relational.TVFKRelation" oid="FE62487F-457E-6B6E-392B-D4ED6DA0D0BA" otype="FKIndexAssociation" vid_source="6956B1D7-5F3F-4CE9-4204-DA073CFC3B6D" vid_target="87D8B1B8-3444-3A64-58A5-E46FA5135F8A">
<hideElementsInCurrentOnly>false</hideElementsInCurrentOnly>
<lineWidth>1</lineWidth>
<points>
<point x="573" y="643"/>
<point x="573" y="737"/>
</points>
</Connector>
</connectors>
<arcs>
<Arc class="oracle.dbtools.crest.swingui.relational.TVFKArc" oid="B417A9F4-E5D1-41D6-6AC7-FE5D9C77AF97" otype="FKArc" vid="DB289539-0101-D257-7989-23508F635853">
<hideElementsInCurrentOnly>false</hideElementsInCurrentOnly>
<bounds x="526" y="493" width="308" height="170"/>
</Arc>
</arcs>
</Diagram>